ID;IZENA;STOCKA;PREZIOA
0;TI98HZ5vk2ouiDIlLHrS;35;358
1;QNm5diXrsBnGyngnrCXl;391;566
2;vaiO04W0amN7v584MvXf;500;893
3;uBEgOznv5E9sWSZn6v2y;920;922
4;5HkgILJ6ZGtWoXM7CljC;871;957
5;KYl8FaYg9RrLMVS9HTJ0;914;108
6;lxhzvcVbY9FMtV9oQO6v;570;507
7;ebIDWqDVDXZWp26FcJLz;144;172
8;LN3ajJUOHXPVZKkIJLy5;799;759
9;BeykQa18SSmYVIHhdTFt;768;639
10;CTOJJZOOU7VZPuM8ERda;354;650
11;n4vtKtXxA7quDbGOWW2M;379;742
12;oXkueSM9LaOpuk5ysEBT;201;873
13;NlQl2181VQPI0QFOe74P;979;23
14;PL8xQ5Od8EL6bXKSjJeH;731;130
15;OYNhlGxHAYp5ez7NP1cH;57;529
16;L9HQ7rmclDWCJMqo61UT;235;770
17;PO2DoPWd7pN3Axigo6va;607;107
18;K7U1dgo1vLXJHEYjlc2D;228;301
19;6CAdLEfST97OA0CYYvdm;734;947
20;5Za3SdKPqibeLJKf8Teo;986;970
21;m13di6z0LGZeybJn4tgD;574;558
22;qj3iHEDQqnkfJP2AQ1UQ;212;122
23;DWAD9x7jcfZeO2L6ugV2;975;299
24;vzUUjh4t4egDl0RF4E1c;315;812
25;W8gtj1TciX7j2VtNBGQv;789;104
26;vuId7EnHanp2tE3nE2BT;19;262
27;AkfJj14gYbu38k9KuyaD;582;817
28;X4WCvKMXDQ9RidStnKBT;535;554
29;0oNlDTPtBtPDROvVxous;892;720
30;p1uf6TcEoPG1JacMM28Y;724;542
31;yAPXEacRhziQ4hgR0zEc;63;932
32;bEDxiCAs7GJkb3a693l2;161;904
33;BmXnlTUv95te8cGRVqP7;441;217
34;RlJS0Wb8lTX3isNFIl8V;25;265
35;WZRsgprkXqZ240nUljAn;935;658
36;qYeOBNSMFkFzgIU1EBLE;40;429
37;fnvp38MUPyRfp5yfrqoH;829;224
38;e01X80moThyDS1LX37ZL;535;598
39;41PnOsx9qOk4QjQ3xN6K;792;617
40;7abnTiMG7JjrEVu2BUmq;104;234
41;J8k1gPe4o3gi0sTpC3jW;126;663
42;k0PQdl8Ir6voi1QtXBtk;20;479
43;18kg7jxkSIaNblfR5IBY;38;946
44;epvzxryxBpXAA9GGyHDr;315;47
45;KmBxePXHNjVEMB7oTW16;263;736
46;ShmrYPfJMfvZl2at4Kfv;361;31
47;5ecbI5HCXYCXx345Ukxf;141;440
48;KLVd3jL7nt1hapDfQjLu;713;877
49;JEyQDoRg8JIsbuH7P3Sl;270;624
50;uDrO51OCymVB3CpW75Qt;896;347
51;bdg0j4K3St41Xc6ar5pj;509;470
52;yS0CsdLyClDs05y8CplQ;612;240
53;vtRRriedmj0ZQ9mB70Z2;327;626
54;sCMX9zMfT5B4l6Bq1Wnu;905;805
55;Hh3tXCvg7hzZXsry63iF;162;530
56;LLazBrSuo65imFmOqo2M;461;723
57;X9jIYSm4KI1A8YkfKC0y;948;73
58;L322dYCbycFymCaSHAYT;717;55
59;i75l7b86r5KEBZhLSlat;104;489
60;fyFscX2sGSTNkgUY72Wu;154;310
61;EdnuQMV8UHgLu4reQxTW;552;705
62;9uzM6NjQcPbGZ30Jl4Kq;49;882
63;m1eeBbr8ACgKvScs4t3M;247;532
64;DijCmnYszFpUp39n00cN;580;260
65;qBSV9AYpQZtdPJ5WW0Na;334;643
66;l4Kni9EglrNr9lr6xYrV;860;661
67;6QyMm31k7l0Gfic6xj0c;189;464
68;xFoktZWEmfeY3GYYoub0;543;404
69;4bAvSYMRlDyFlEajFKX7;934;919
70;gzXrUFKcfj8qjKorxFZf;775;590
71;pR5k58pNa9lYvvnDKjO4;838;370
72;dMbtAXZk9rgnJgWxDKQT;308;581
73;Lr6t0SVRzt2MLrVDW3Da;444;216
74;vMnCTLRQxojPIgzVHveA;953;48
75;CusYKKWxeiymAsoLrhsX;231;844
76;FVEClAK20CevZKGH9DLK;392;233
77;G7soc8BiHkOQPWGUJO2F;963;326
78;G4b5omCFQHbRLkpx1JR6;512;296
79;AVa5J3MeMi6LPjeihdtK;992;818
80;KoLFkLJTEkecRCeujdjl;241;533
81;p10x99Zu7aYI7zqM4WiR;260;239
82;6iFUBVj57lDTcnCRC2xM;501;989
83;ZyHgecFm3f9zny77QU23;452;853
84;4f5jWxg32tyhoSYgbrBc;143;336
85;C98Gt7SZA46grLt4PHFK;405;489
86;lNL5lRIdYUBYAP4zx32H;554;692
87;WmsQ55EUCRY4K1E3GDF4;250;720
88;U7WKyPTx9sqCBIx3VykG;83;838
89;bJi6c8l4BcSbckQNBggm;92;323
90;dOyzvrUoDni7gSkCpxPB;694;984
91;zfpzLAIF64kfGzWtRj62;829;306
92;FTH4rabUHFkhg5hpnPCl;161;307
93;XrIHOWJfeuHorUHUsqy5;181;812
94;j34X4SIQ1C1WQOPYx3pL;244;819
95;6ZE0Ukl6Goaq5v7Wr7xS;614;982
96;rJPkZKnBafXiseRI86Gd;951;258
97;QQqb2vDnUoWJ5gzjWk9c;772;335
98;iC47QZ6Xoi5471flBZf5;280;295
99;3nuf7UVNMJ1xYRKhqnXt;94;107
100;lAZ3koh0LcNpO2dMOork;978;493
101;rQdN4m7LCih9yJCTsrgG;794;335
102;J0dy75a19mCZrzUh0BtO;406;54
103;A3L77GarsXF1CiIUIQ5m;570;97
104;GfYiDUS2Cxztj7G8NucZ;211;615
105;blEQvGeW82noDHHApDE6;35;771
106;lDazOo7i7YdvGp8aRr62;261;75
107;9fkDbVkp93HEHRVCrpdN;376;788
108;T2xpJdhLPO0MdcBueDMv;44;817
109;I1ZHNYklN4L5YPpszg5N;856;24
110;fg5mqDPB3VvIriMOnc5b;21;910
111;qq2i8LsSUWgNBquptbId;7;814
112;zC7cf3ze0ZE8ePXRtV9J;189;21
113;a9tNiRXR2La6yIZ9YGsb;755;116
114;l60ROfjiHJPG4hEPdmLa;944;538
115;hROomfmq5PEqVYO29Xqq;73;248
116;XNFPgkEyxmWTMpDWJeyE;107;161
117;tJb22dBXEjYLP4bSspef;315;839
118;GIGhtMZLRWnrIJ0vUBlm;266;926
119;bU31uiOyCi61Lv1l9SOP;504;430
120;Mq22h5e65VnzIWx8gzFe;62;854
121;tsn6YpLZON41YjYYl0Ej;201;359
122;7yjJPNFjffPVidfJq4Fy;465;565
123;DrsqdMbbzZuNuPovNTSn;989;981
124;n9DiV5NXgMTu1zrPGPHg;457;73
125;ehyiLZ6WJRStFSedYxeR;199;92
126;QuFoTZkqgPk0FNi6ZfTp;179;900
127;0PYTAtAlmTf2j0b6h4QS;563;959
128;efG8R2yvo6h806KcRmr3;483;897
129;6sHcqnSj9tNx2Ihqkx9H;7;663
130;gT9G2XLFsqRxi3qeBIHa;715;293
131;q84UsdiVie2J9EhNvMJL;655;838
132;OqGjmzxg50YlnvOtUJ2v;19;199
133;2qvVfbdAqrQbdFuQySF9;274;814
134;Grd9b2RI3O5EuLKn4qgL;163;94
135;4TiWGOHlLaIdoRl7GSya;641;102
136;IOxqdsCRpZNhT1gEP6U6;414;874
137;sdK7xj6EvVzcSZqTrZCH;579;568
138;pXPeOMQd8LyO3432XdKX;560;214
139;s0gy66xvAOdj30RRyvpM;259;280
140;oxK8g4GbHnYoUp3q9alZ;498;482
141;EmpDPMRTpBjGvGoPYVYq;261;317
142;EB7PNA7LLsjgntpVAmCg;787;243
143;diD0o3EFf9vfFgzmA7nD;649;919
144;QNlUdQIUKdgQrSd5ezkZ;66;695
145;uNiVSmqpF2N7K0vrKNm4;943;843
146;J99xKW7rYI1l8k4Y8GtM;276;920
147;RcEdUN6mhsvaBLMGA49U;912;29
148;0A2n9N2SVdnbg6q9IEP1;696;389
149;QW83WVfBdFHXcVRWjfJW;54;353
150;hX03mPIQzbkUbV6P7FJu;791;255
151;U2Nn6AIAisaxbKemhhlF;564;919
152;eBUfgsq0BeeuhRu8o4s9;688;970
153;bNfy1zOWoK2pxxvMQ3Pe;865;880
154;EqNZbEvtGBJKlop1rVzX;313;411
155;8uRG4X1IkQoYhcFhqHUl;86;770
156;n3fPkEv9lDOx6RqaqyG7;855;668
157;YjPFmpSobciZ3tuDaM0o;225;406
158;bG3PjtZBs9UldZqW507a;73;589
159;gAbOMJyRTQk2xuVdRHSC;397;191
160;WzfTmtTjBgLBV5syWicz;492;449
161;fRxIQohKDpi6nzApoOTT;79;929
162;Ur6qLIlAexliNfbtugOQ;632;390
163;sXeF97IZcXcq5yZ3WeoD;613;629
164;OXCy2vBX6uujtpGjQ01E;924;957
165;RGWKGqDxCCUzOY9n484L;500;305
166;1gJBx25APrvblv6cj9BZ;625;465
167;CDrC5IRidMIcaVn8a46H;442;213
168;9f1an4ixIxb9qGHE9aFt;314;250
169;8Hdc4GgbECu5F1KdAFTV;63;497
170;KZVgoVzQtFaaZn4v6DRK;613;885
171;cYoafDXAPZ4iVzo86FyA;286;150
172;RnAg1zVa3W8LI5MjB40P;155;387
173;TgBV3mkv8VeyfkJjhhg7;651;910
174;YgREsg68VrzZnxqb82RE;3;907
175;1hd7HvuCHohc6qWYeakV;907;707
176;6a7LN6OGyD58m390xcoE;501;823
177;cb5ihv8qD77t6CJ2Wtuu;216;255
178;oIU4nE44UIuHmj1SnSY3;483;496
179;Crk3rHYMAimOiD3kv30v;297;800
180;ubuQ72lxaLYInkECc6fV;854;863
181;iI4FcaoasTQcuO61Jyc2;623;259
182;jV0NmNBnXodLCUc3zhv6;485;378
183;hklnNcEt5FErIB2bFRNv;287;781
184;iBCqpSqhNhsZUDxpvXXr;376;812
185;dP7DWI2yt3kbkV9Hzt8q;249;824
186;V4VmQCg1IHtY3a6Taj9H;887;968
187;1exLxRPZMM6etOn11A4E;341;480
188;l4Dbn2YU7j7mCsTkTlpG;602;700
189;MxB8GELS9oe0vdrCaBcY;376;100
190;lq0cShkvfn9EE1DBQSd6;119;931
191;1W91WnpT3KIlQn5WscCl;921;654
192;UIO0t6tG4ecmgASXHQDF;311;293
193;4ky2Ni1SKs4EqSSbiupM;991;855
194;6vJyk60Ma06GIBNHAzmE;628;229
195;ZYypPv5a7jPOAkZuARKM;77;195
196;hPsi8LEM7z86ByGGRP84;504;868
197;mUprle69R3do1qK5K1V3;557;907
198;p6NDJsgpClITzRKGc4cU;803;963
199;6o5u62yJPIFdiIsv542Q;562;477
200;qZGx5iZENvIbjXoyY3qc;893;160
201;HFYStnjL1WDWXhE8sv1J;113;447
202;LTYhMgFq4ysaRYfITBfZ;269;328
203;QUI9vVEABEEO9jWsrG7a;579;614
204;dM8EATAY9pQInJAoEv9e;629;865
205;vM5Q7XkkIYt9satTCWj4;688;200
206;o0uKOJJm4Al2bgPKOGUo;658;680
207;jhAsXpqBbq3BklXZHOVX;260;473
208;JQyLHfCjxM0Tx5CyeVoe;30;687
209;j1LtsaSkoEl57K1yBsII;286;584
210;bbkWDFp0FlfPiN8rK6OW;216;624
211;xf6CWcYHBirTUG6QzE0O;419;633
212;dDjHoejEefoGTESISFHG;38;466
213;l3YsYyeHXWuEoZNLZRJG;361;79
214;fMMPrRYdPfcpHviN2mZf;92;838
215;eM9xupmSIJiJAWg4H9rx;906;402
216;6tSQXNAer6LY56IG3h7u;142;410
217;YqLY3giMeACvaOsGCgAL;274;176
218;Xq3mecZGDgzAOhoonZCi;99;689
219;ABKMnQmrc0xMHlVHfuIN;338;353
220;Hn6NNHSz5MFUd93bar6K;182;884
221;pd76cVqDSJCEXvzPkTrV;661;503
222;TFkAXSRzmo3Pu6KqXtsy;478;261
223;niK4LY799OhdbiNjvA7O;144;151
224;N2tjTS1I1QQJlR6hSopR;559;807
225;7gc9SlNCfX207kJk64G7;586;698
226;UXyZvao9oXSQbpvlof06;572;999
227;mD90YcIEP6o2MGlB1feW;87;423
228;6EmcFmay14ID5krbjUJk;902;954
229;n3foSVAeUHn7LY5UK9cZ;101;574
230;lSNomqRoZWouhH8e7Wbt;721;79
231;HimuZSFGfUkb90PrCDZe;216;284
232;CYUhbQAu9U0jrWkCcPrc;807;646
233;GfSNoTCpMZ2CG7veVRK6;62;133
234;lJpYSD7mMfgslXURxZLr;318;42
235;J62lRuhJ0rIhka36SYAR;283;283
236;E8ds5XHc1XHtMFlnIY5P;595;825
237;cK38CaT26FcyUXK6Opf6;325;482
238;77MEt8hOp9Rinzupvoxn;870;770
239;4qVERM6iFcji0cM3LN9z;944;704
240;WG2TJ03Bh5QYc6cFeJVt;354;527
241;byu7UexHdRr1pLoQ4bge;258;794
242;B8EPlZpoFu4cUZCYONUK;670;580
243;F7g6DTWHxkHt9oPAxvlZ;315;482
244;ooM02xoX7qUWXz6v3Tej;738;571
245;p4IUCkH2LY9fim1Et2qT;45;249
246;Nqdn8oKbKdOdjYABMJp3;839;216
247;lOir3q7s8YaqAGLrEkt3;885;797
248;Sn0ZzkCpYTWBhP3ZFlE3;377;226
249;nfrzyWJ2WWC7dOSbLeOB;128;933
250;JUY60RWH9stbPs7dVeI1;659;678
251;mv8B3PtiMSByHdl6eDE6;971;407
252;ARdTkhVi5G7Z91JugTm4;777;328
253;N4NXQuvZhT67eLNZg6CP;486;895
254;UgVdMjUkFai1J3Y1OHma;981;884
255;qIOS8cjD11qledtSuBx9;194;544
256;EfiaRzW5BmmrEaqTIReg;554;421
257;KZGHJkRseexLYbObK6vq;377;475
258;vgJvy7CnSeFOnbIQQM8C;835;880
259;zGOeXLgAguxiia5Rzo6X;453;395
260;8100TNWbdX9Y9HvFI1Me;687;180
261;7H9iyXcTn84taMQ6PPoT;215;483
262;5MotaVsbS0bfmPpRoU7c;39;905
263;IlF8uN3M1jgDb5fPhvUb;68;809
264;lMdVmuT8ploe7RUUseah;914;978
265;EORxKnm9AanQuI63UiS1;761;957
266;NrG5kkJ5uxXPoXGlJJk2;988;924
267;Yq3PoXaryHusHevCCIlf;440;676
268;x3ni9rTSt0GJN05nAhYL;309;168
269;iVl322qNtLQlOWC5xfZG;65;252
270;pnYzuGovI3rqusfPi0ci;705;701
271;HYW3Nisi4WC17UkKRbDs;671;287
272;Qrr5UteiKUnkkFdqoA1a;123;606
273;osL1ED1gdvgAG3sY8DRP;645;393
274;NhdMpjhLzcsFLX89YErc;648;224
275;7ih9dDELh7G8KIArpdvK;420;564
276;OraqN2TSUEj43GDPC1ZE;824;404
277;L269EplNmiOOnDbZv8pA;593;184
278;2C3Eyco0bAVvuRk4r5VD;855;304
279;VhGLmrH3BczP4KuTz2UB;321;614
280;WyXAheHEt04mVZBEeE2d;910;175
281;RE1JlEQ9Wza50UH7o59M;227;611
282;4fVc0XCUzWIW1sVFESMH;483;492
283;m1HIAl9tzS2irrnQAl8K;362;206
284;V6OBLHRbduYlhtl1Zzap;245;866
285;V994Xqyg125IelCUU7Uh;65;758
286;4bJymbEz7K9BEmZgpsCU;17;999
287;8W8Ec2qG054KykTuYU8Z;102;159
288;Sn8mkRfYQsUSQFoKYyNB;634;95
289;2OYR1z4F3L9aafYQ4hGY;965;698
290;jD9E6keZdmLsrIHp4m1t;526;793
291;8bQNXFO5u0ZMah6S9JhJ;593;196
292;gvxyn5YNF7pmLac7C2TM;245;933
293;a0f2nUhvTERzGfmje6yt;41;864
294;IgDRUHLTvEvReSk0gu17;192;737
295;FuxuRPFfmSQJUM5bYy6G;402;370
296;UzfEhaHop9Sr69XhbMj4;490;895
297;9ZSvJOzTGeWl03v7vSrt;921;586
298;MT2mr5X53ao7d3pFLKUR;731;645
299;zhgPlYdo6gzj9JhQRIPj;595;150
300;vmX1VMjnaj1xpGU1oEPB;354;283
301;PWunPYTnd10KUS9CaYfT;645;569
302;y6XmaB4cmKAMW7PmsT2A;810;281
303;2pPYSpF0n7vmYeoyVotp;427;879
304;nIXhlaodjslXCNEWBsg9;586;646
305;NXi7fikZlWveL9ufYqzu;726;700
306;EtG5zZdTdJHlTrZ4qDZt;447;506
307;8UCQIGGqlfFUiT9Vri9p;756;576
308;FbNgfUQoHHZgWG684Qi8;905;886
309;zjQ7JlvmJqVWu7SZvsUx;185;52
310;iNOGng3nuvQDn74O64Db;65;963
311;ZuOegykxCK7gW4r8lyAT;494;513
312;LjiAzRo1LUm1ntilVTtq;440;715
313;lJOfcFnmGKdZpo8SBnyH;609;723
314;NGANhOJMyPKG6ZdGtcHS;631;605
315;NaJlAuvCuByt3IsfjbYH;613;83
316;jpWQQ7tcSsvEZeWq49Rs;321;247
317;1UUQiK2TrLGMNAXynkM7;677;547
318;AmM8BD7fMfv9Y5PixU4X;950;306
319;upvUlDC2XsGQo94vBSfm;65;737
320;dOMdRjF3Lb0RRrNnRfMa;757;8
321;R4QzvRN4sZWbqX74PqQN;481;361
322;SQoIlnijNBGvzXTcz0IY;593;835
323;dxbo4bLjJyKHPnjdv6ob;363;270
324;jECNWJBASyveLNKKJVhc;416;359
325;yM4PZyjN0cjLRYLxINcR;664;439
326;47NXrju2zhItZmjEUFlN;281;107
327;iCNcOsjViu9hPpeJRDeq;993;607
328;b4LnqUCS9g9fEpRtsDR4;721;421
329;OBX2UX2pWcyQG0gWZWDu;464;628
330;tQODg1ZXjQWjfSksr1z7;570;774
331;iG4M1l0tXIX4i1uVMtmh;698;844
332;s70V34ExvSkmLpYiFxBs;218;21
333;mhDnjNA4U7xuqUs1T6tu;204;716
334;U99BaaCkniQqYMP9o8Us;529;508
335;qmar1f7HBpDQ9EzTz7x2;692;585
336;mUamjTWaPToQpUgoEeHr;250;719
337;uKatRevUl1HICEle6PSz;201;141
338;EKNmz2lTNANPRXW9a1l8;349;605
339;ZOUGtCyETbupkELY1d9R;364;366
340;FuVmJe5cEVRoMfuCAIy2;893;560
341;UnvuKk8Zf1p4gVZGQz4o;584;456
342;edPsTYoZQZcSf6ophbAW;600;836
343;e9ZFBSOWYlIeCEI7MDdR;230;266
344;U4faeaIRgghEYT8640Yu;715;998
345;mjIfHttkDtNRIVej0zDd;694;398
346;DK3B7EcejE3LzMaRo5TL;271;126
347;h5TrjXO5sJJlQlGxYQlL;353;784
348;9QUsnWBaLBRqhg6n3dbW;492;939
349;n6WG3iphC2HIKLjU8FYe;299;741
350;aN9KambxQWUvPVVuujMR;182;686
351;qeGualOLelerUpmF3KmO;821;814
352;OfPrFixud0HPLyyU5fRT;214;398
353;Q6QiXA1eusbt9iloDszF;657;474
354;VnHQQ2lxJTbzXcIe2r5d;679;780
355;ulnEdqVjkmRd9Kxy1PRo;232;620
356;7TpNEIpTUdzbQb9WQIOZ;195;69
357;Erx5JL0Gds0NCKV5yqtx;417;402
358;RjxAIbzE0J2OoFthoKYl;503;299
359;zvruvEXfD56KzQbktJjO;450;545
360;FCEPeRbULfDIpro1aI0E;857;175
361;dL5j4jpuMnFSNgf0IeK3;904;119
362;pXaIxJKl5frtftSv8yng;593;850
363;O6EjQUGOLa5dnFtirbiL;137;39
364;uzlBLe3rKWt9VLAJfO3S;597;482
365;diBQMIgHiCtW3HEhE8XP;747;483
366;RSxstOG1mmXbOOO5Jsk0;525;114
367;FF7oNFusJNzOxrd3Sj7W;996;597
368;th0feTqXvd72NTx5nNT8;138;396
369;T0Gi8oIgPcdQfbxEvHHz;67;628
370;Zeyu6bQeBpvYLJhgYlGa;496;382
371;3JQEfkCSIfMIi549MlDx;467;800
372;1IRdi9fAXdp00cb7QCgi;726;154
373;KPFJJdVEOWHr3QEXVf9L;367;562
374;MWhTXXImgQ2uAs7uTPL9;193;355
375;6odVarmnHkvl5soTmElC;915;616
376;2iDJxLZL7Snz0s1bg7dy;705;648
377;R38f7Tz6nG09tsXNXVHK;741;702
378;dqTRXEcTBs9dExMqpVpd;894;594
379;JYbBE2n0a73TflSCteXy;348;151
380;v5j5cO2QTFUcIV3qlaet;192;32
381;uVf0PU2UgjI2U7E7StyH;106;297
382;9sZfCFzLB5uJHcavp50p;686;676
383;NbkDxLFfKGgMZbs5bvZe;290;408
384;8LQkC7R04LnIRUTZQeJh;244;9
385;nchcbDglzMzojUQ50sk8;356;388
386;lkZVDclDRVi0PVBpBgOi;200;869
387;fFy6bmubM8DCqzvxMCIr;647;82
388;uGBHRvidm9IVryjjTvXP;34;649
389;e20vzCfrZJoI0BrGvjZl;626;700
390;vaKXJrT7c4yYP2yUKsds;663;328
391;BWK8HNrhSAp9JtXvHOFW;809;914
392;q7WlXiUAClnGzdSeTDfY;639;486
393;ZOlqlb9Mbpj3vlINcShb;963;94
394;AKgvFdRYb1iNdsNJMkxR;205;678
395;yF4jkC4HAnMxkkMGWHVD;714;719
396;X9zZHWiHS5Gbb26dnFRT;125;636
397;hdR4qmcCn49XZlNX8DJT;788;336
398;RbFPqSi6y8LBvIbPdfv0;825;729
399;VjdvzcKjMq0ygGziAieG;367;131
400;gVPLDKAo1o2Fy1BiDXVq;222;280
401;FqpVkQ4vcthJSzbvvvjh;357;958
402;zg5EPQLGfaoZcKSEposY;711;632
403;L9d98663eEGpCHaxy0Tq;967;449
404;pCTURLIqUXLgojOed39D;156;642
405;WoH2Tvb6IeDaXmcybxr2;380;790
406;aL8OZbS6HILMUhbHgk47;177;202
407;HReYNiO35sZoUzIJvuot;452;229
408;WCTV2P1B8DvqH8PeoBH5;764;102
409;le39FVjbCZ4KIl69qDGa;813;701
410;785ltU5RxKvDmXNdABON;754;429
411;m2Z61zKcgHWSWjuefpZt;458;65
412;fCZf7BIQyfplpOA7fduM;68;459
413;XT3fFgdhTtXi4SorxFMH;152;723
414;lpuMgjPvs835vQPf0ObI;142;951
415;qKbNxFCjT9QmjLnmR1L4;908;769
416;2HbBbUkM3JW1GpdTNq6s;546;729
417;EFj45oChmA7ZuWT5mzyy;227;136
418;esUGd1LnM5jaoR2xAKoc;132;879
419;lIphEN0WIQq5nSVSBCOv;600;681
420;fqkMb7rapmbmXzYFTAPE;747;275
421;ude5bi6FL10SoLKlXuVA;594;175
422;jfJKA7ynRMdAhAW0TYRi;337;449
423;KA7vvMGDmRxe0eavEYZB;130;937
424;e4K5PD6LctaQFS2iXIj7;254;223
425;KjPlaEuOJgaQSDgI7kTW;549;968
426;nIcXPVHCqJlxpV58OpfE;627;878
427;NZdMavCKSLfZLQ55fyy8;424;549
428;pzZr6xFdK6qcPq19EBA1;551;956
429;78zRmKZKnV22TqYbP2Cj;653;458
430;otFdFSQ8LtdW27kMNun6;833;787
431;Vuxko803NMEbS9EMZGoK;751;556
432;7LiJcoflrfDQa2nt8ulD;821;468
433;IbfOcBScKoYDJD31QosN;309;620
434;ThMik4bjzWHthL6RTftm;918;758
435;FpW4Bv9Azq4DynCJlpu9;405;511
436;0si7Z9GkM5t54uqdGdZo;745;2
437;dVWmCm0XK7z6MJh33Iey;88;683
438;WebU0VmDT78UYYHCbUnb;202;542
439;QusOgpmjK2Rg8ZU0sFzY;175;519
440;uF7AOc1rLGCafvqetZCZ;266;355
441;RYVeeWPs4Rj1IdmF2J9U;762;146
442;OC3pyrrPOrEdtKLJ2xeH;520;680
443;OBZZy1vdhvIOJyLV9G2S;488;936
444;VzYkZquDkFWc8Q4VTqPp;461;564
445;vTEQ0YcWEOr93czelBgx;70;597
446;aIWvkImxWxZ4xmASFaW7;440;712
447;73TNr3Q4BbxdqIns0Uo8;112;717
448;IN8pvGgvRzIMVT9o7qEb;171;746
449;zNOjzPJzXzdZUaY804sV;366;59
450;QcMBAMuqNtJ9WYzgFZ9O;606;982
451;e6gG6koDURRR9GqmZpFR;808;736
452;9uhmv0guKWfBsyHXZb9B;287;360
453;Zem1VaQ9T2fXkHTuGJXR;700;870
454;ko2ZqZHJ3DTKsiHBHO5D;607;694
455;A0hxDWzzbPHj8vY9Sikf;54;630
456;mAmSTl54c9rCLK5dr19Z;795;265
457;a8EVfyy4AarJKgWcgslj;339;662
458;DaY0QJk9AXY4mo6WgRQx;906;428
459;GhRV5IkKug9SWbjPmYmQ;369;630
460;GHFCH8VjY7AmfRTkYtCf;519;63
461;UZtvEiLxEAReVYhMXRdm;181;237
462;2IbR8j0isLqbgLt6CTvG;794;314
463;NAzd6sImQtdK6uhvXlNz;889;4
464;izzZNauCiuiKO5u5Jae6;37;438
465;dWmA4Jo3v4b0bhxCD3gq;675;43
466;bV7cbD9AB4snEdQVAgNz;551;457
467;lBYHrtLlpxuXkrmSpMcR;727;284
468;s0n86r6tV2MYtFp3MOHM;391;19
469;dlEqqy4y60h05OMW0jRu;551;339
470;WK1RAJfptml8ElVVREuL;313;357
471;4M5zlKPyuN8ZqNije8XM;105;152
472;Jd1PdkzJacTYOVFrR4Yr;135;270
473;U3M9BypfyB7Mc5k827oS;522;839
474;I3FTdf55AZ2MxB04VGnL;812;295
475;VZdWTqplCMzXBXx0upeL;597;541
476;QOBvGImC81OYbhyehIq1;218;795
477;3dydLubuo1SgBfCTQ8TH;146;848
478;ypFVQLrKFRlqqZtOu54k;953;435
479;BY2LS9fZiYsFBW7NHCLJ;25;914
480;I7QtojFr3jpzv4AUrn4J;165;946
481;PTrYAlOoHvyQmXED6nj7;722;218
482;BABW5VZeXUkYIvHaLQbV;733;504
483;VK3FVsYehWCchQBM92xN;395;808
484;ZdDW07x5CWhR0lUpqJh2;540;289
485;G0XMOJV3J7zYD2NR2yjb;612;649
486;oJycAEyXcKi0F2xcVTyI;659;404
487;PM7Ib4YUcmYnUi6ZdZ36;947;658
488;Mibj851TuzlglkKN9h0l;536;28
489;UjXTAt9YtHX4Tk6DCtFn;612;402
490;AoyGiVyvpc2UUYnqGLFB;723;295
491;9iAcZpWHFxxIPuysbSCA;546;222
492;ODruKEqGXtgdV6o2Gug3;263;298
493;vC4TdP1WOly9JsQ4xCXX;309;114
494;kkuA9NPxHZD5VtPLWJcW;468;884
495;67ikeRyMYts9238xWy8x;379;43
496;UV1kmLu3xNoBoLhG9Hao;420;979
497;ERcXNj10raIyMCCZmPeK;245;901
498;kUTpSYFaE6rZqmzcs3Rd;878;400
499;uEpNQfMI8M6y7ASHbb0h;929;864
500;VoqQlHKHKNp8nQsnH7iD;739;596
501;tLWJ5yQ1us5naiNuv5HZ;819;964
502;ho3dUvdOXEUEUyggSB8e;947;74
503;DzXlParis19JW6hoJuuO;914;415
504;K6WW3hH29DIntijr3Ot1;349;292
505;z48ZgBMgYh0ecfqOhAjt;207;59
506;a1dbNb2ssfaIRcC0rxvy;953;292
507;ZD4mmqkDzMDmH8kB3h84;643;668
508;3WrT32g39ddPpEzqhMXa;730;388
509;CuoPbegAIjGrt5uYKDPL;336;323
510;ZE3xBZ9jmNL8is3LexAj;739;350
511;zZgbznxUXohpVyv82lKA;502;689
512;Y3jXfy9ibrhsyFyoWP34;333;32
513;UdIIaYEEidbIgfBLL1bH;879;463
514;4j4MD9434T8sZW1H9Xti;639;786
515;2NgClspKUaBlN7VYZVnI;252;49
516;vT142XeWOtFylkRnzIdC;858;231
517;U216vBXNvklejF4ySdLZ;497;894
518;aCrfiush8B1rQvQRiAkm;651;796
519;slK6PqO80m9285QdQfT1;614;641
520;ZuJGpBYk6zKNol8EBYkO;879;917
521;FbXStS3PJG9eUHxpdYTc;954;982
522;TxP1peRHGYVD5bP4ad84;853;873
523;ZkNeOVJT0MQi123TBQty;433;88
524;4HTvYF2pVQXKoIgZqbHm;486;4
525;nIqhYyKxEshYqQI2jLZC;338;206
526;XlnVmWHr7J83Feooe0oS;282;501
527;UPcG3LqFjVcd2YGIYMNY;469;164
528;Whxu3dBysFdEx4NR9Kc5;915;726
529;JCtOPvc7gS664GW0ZFjB;211;997
530;S9XhTcHafMcXj9dtixln;610;372
531;TgrAmsYvKNLZZRWojH7J;172;82
532;ZiLJF08pHPIpS3Fzd30y;439;643
533;olTusqol3hJD4uIR537Z;779;65
534;p7vsHpu9GXIAV7khiEY4;588;331
535;qaIrrA1c0rsMo2i9ETWa;787;755
536;MfOuxKNhetBaik9bSpCE;917;848
537;nk6aBgTGjMy68n0qlLuG;851;372
538;pusfL5zoBzy3vdtUR3td;637;291
539;xXgmSdhMlVWOmirA45Nv;21;257
540;jemn1fd6SUaNkMiQCemp;149;579
541;mJ081uvRSfZxrNG85Xts;405;374
542;uvA5ioqBT4xmBdaDiHGj;14;183
543;Ei6QAn6Z28bCjWNLdcmS;685;242
544;Lksr802iFOU9nelmcOjI;452;259
545;15ORobAQMzvoGzFoXD61;107;217
546;3MzZvh5ZFFqi4WbanLKA;317;496
547;JNYOsvO5X2Qz4cSO9WT3;54;100
548;sKEpkpFeGHSe8sGrSFz7;814;28
549;pqTZoBM4xoVpFE51AJB3;156;340
550;7Kgs3MTnYZyAzjE5qCWX;398;379
551;F6unELXiZIRvHR4HdmUA;388;593
552;b2D1uJZkeD62iEUe4hSP;760;836
553;7hQmzRKQdh1vg2kRkSkP;904;434
554;FCE6bQvN7HsUe7BponJl;125;781
555;MfNPGDEMySWGQeihp75h;529;951
556;1ojlHy8XT8pki4nkgpYC;292;875
557;DQkyK4kkb8qtEy1fQMft;265;936
558;zhd6Kqmm1aqj08ct9iLg;269;487
559;JDa5CfyfWefANc9QFSHb;470;258
560;dWig6YiVSvYbttOktXTT;821;274
561;qjd95qpCy0QJMHMPL8Q5;267;859
562;4KrpD8bVb4YethjRGRjz;499;536
563;m0kGS0X4T9XtVOUMEeW3;286;533
564;NPETIpzMgaxmnooDK65Q;167;18
565;kqqJFXygmnnTxva3ctCk;138;544
566;3zqZjXYIP854YWQFABDO;67;760
567;9kE8VMNXLkWA5JSEvZVa;587;49
568;8GefaYIByriqikVTiiBz;913;422
569;sTiuJZ20EOsvNvddo97U;18;616
570;FRBzNI7RAJFollgNuOFG;352;665
571;ttTJWClg2LrR7lNGbLHF;206;139
572;aHoLttgN5vrSWPzHQs2j;259;402
573;DhmDqsW1SRGrena8brBE;59;631
574;GaLvrB45bxyx9faEPSIT;625;360
575;sM6Pa09OyBTJrQygv0Jd;310;535
576;K235KagcSGnOvlvXjPxO;477;417
577;bJNmn2vausiqc2M9yXZa;379;618
578;sXabujPVYbJ3htNMhpyh;148;642
579;KyUueyydOoy8WFPeWpto;778;248
580;zZ9KOZpf7JrFRfjoVfxF;264;211
581;lYnGuGpTWKErbhZ42QDz;746;354
582;u3Oyirjlg4dp5UDXS6km;618;570
583;MnVKfdk3ifrHvaaWcFv3;576;397
584;7jG61sVvfSGAVh9Rz4BI;955;459
585;1pTLKoyar1c8hW2jjvqj;438;22
586;qDL4fjrWsM4yXg5bzp10;847;102
587;XtHZMYe5Hh68fFW6qGAB;669;963
588;ntP6HnGbGxINjlFGzn0H;850;943
589;3qc2epDYCsCYsqPUq7vn;701;508
590;U8WXy2Vih27Jon6dvVFE;47;816
591;sBCaEbiFZ2sQepGFcXnn;858;336
592;rYVkVOg5ZHPzhQQRQVlC;480;35
593;2DH86feUHRdGKXZMosAy;3;819
594;NQEJsf49p9OdDcUUXu7C;410;591
595;PdqbEadbRePCRit8cJ7J;62;720
596;Vxn2Y28sZmj9H4pmhkYB;747;726
597;qpsbUvMfrUMc452VoQAN;466;838
598;ecG6EV4GuSEgtiH4BaFX;430;79
599;6dONYAyqFoKGPlz7H1Tg;540;623
600;guqcZVGpWmLyqlk7B5qo;249;107
601;oyPbzrQg4Rv3gWbRe867;467;741
602;YTc9MJopuZ1YYerkFQ0o;734;804
603;1OmVHZOhDVYODMZkzvQR;516;221
604;P3TFn4s2SfGXRfGdpJGl;167;629
605;QVzKYdtRnAkaxQoOAWai;378;803
606;FObQmJGyk4nhecJgyzgR;171;325
607;yZLzOjCdXUEEPaDJhp2J;42;879
608;VAKrrotf6Gb9HtLOUOo4;522;964
609;9psNg3UuaUB47l1miTF1;839;164
610;ruDRPtBD06P6YKyE1TiV;493;185
611;r9kTtps3Wr5jGX6ao4hj;301;442
612;yPKXIAloAM0IOLzcoc0t;709;695
613;cZGHxU4zTqOFC5ESF3d3;203;357
614;lJdFDnoMRgfpgC805BU4;907;638
615;nqPZJsQDRR64z598Wzso;788;258
616;aoLovVChH7lQAurBPXKF;688;166
617;5DnjdcCSrDTh9Lx5GBKM;821;664
618;6nV5ZIkmpBBq7I3eouCN;821;510
619;OYtWpxHJe5ZgS4O6m73E;23;834
620;9Tebh27jRvgmfya43DAZ;320;738
621;1N6C6ZUCmuDmsRgL8fgL;865;393
622;Kv20pzMWpGVX8iUzgK7o;495;458
623;z1nqE6oOBeKpF69PluXJ;249;396
624;bllp2TkTqrT8Du5hXd6b;373;199
625;2Ht0XagzVjmoTP7rYqGC;360;110
626;EQ2rJJcSdpsAY6yujaoR;502;904
627;i1cEiA87BkbBCFPkg0yK;672;863
628;srhsFTKSsu6FQfQcrocz;778;287
629;PTJmC9eFQ83nWJqceTzY;2;846
630;feU0aoQeCHsf0PVcFZx6;98;506
631;lpYSjIyxRVhNY60XoOab;738;400
632;LUczj7jmVd4aB34LfAO7;560;215
633;kOoPPEcPQdAL4mOvlYZM;378;78
634;nKmAPMjcW66ALxeOOH2C;107;409
635;Jyr9Sj1MZciJKNlQMFHi;492;939
636;iJpyFBWED5gPjPExF6p2;161;34
637;DJT1DL08OjgM36l66Luz;74;737
638;7CvkdvLSvJautlZcVm6l;276;665
639;p9yOfA8tkXdEJadDXVCS;637;484
640;EF2BcUVeyRitR12b1cDS;228;235
641;rqonhkPkMWSciOB7RpSb;690;570
642;gKob977DtNKIrb8J2V9S;811;693
643;L396QLLsXNWqWrZEf48u;90;219
644;4m4ZuEBd13cs5B406ms8;585;23
645;UtnNRz7FtfFEVMHVnCgs;247;823
646;viVkFbPFZrKzDDbit1u0;107;655
647;frasFBlVmmMNRayaVuSg;585;200
648;iRU8pjLPjNH02IPmkfNF;556;821
649;4cDctMUTRcT4UI3r581i;622;833
650;3FLmtrAlGsqzSXsxePaA;938;525
651;ohW42XQTnZIS2iXjUMyV;787;443
652;yN8oh4rYTPMEYq11S2ol;241;789
653;B5MCWDVU2bv9KCpcOEQF;994;995
654;VtzriRIGu2HkqjifBmRF;263;155
655;SkQ6PfLuUY0FCtiRtc9k;402;816
656;RRVc8LqfdSbkWbutvkgC;580;854
657;f8rbeneiiRgxfLgFXtH9;478;44
658;Qeh4Imsp3svneUkXIR80;617;420
659;Rmd3P9YDEAu4XyzLiPgH;887;738
660;Y4D3M32Yj8qnhd6gtysf;328;751
661;ttVAnAPArAQ44BLqfB4n;891;100
662;MGBRXOWsYVW6hxKKvxHT;116;531
663;FWBTEUAiOAhKscVJEHTN;789;410
664;f93PVIGpH9zgHPL0XRe3;432;522
665;RZbn5Oote1E54OXPOMXQ;137;868
666;R1zVemYUYdqGRTF8kuRa;632;496
667;tmghQaumSt4rvbSfSK90;433;39
668;iRNMhTOg0Nud5B0LJvKQ;727;821
669;IaOUOYjHfmtou5v6RL8H;12;389
670;hOsm0dDeZAIfUztq419N;687;417
671;xbTDshaabnWlfmQQ3MOE;126;624
672;Dpl4FMxnkI4A8ixSeRU8;315;233
673;mZYXFsPSHETtbhPcLFf3;519;846
674;nCDcDPDiTjMZ6skT419q;938;840
675;9YOeT3YjEmNJPqEGV1CH;445;878
676;RJjWU5Aq1LL8GXjcXD2l;143;119
677;M2v1y1a3LErjlfu6Esb9;167;763
678;EuJy9iqrgIHhk1ppmImI;17;69
679;oya56cLneFaEsxtyWYc2;743;476
680;8Ugf2YZ5YX01vvNUiZsD;66;555
681;KFYqklb9S8BBtShGkBbX;692;177
682;35R8tqigUGq2B2DcTFrq;166;781
683;FtL18X6WJjJ1KoB4JD6c;819;509
684;3xQR3Ob9WtgJpCsstP07;947;826
685;skCWfxN6srykOXmd2JjN;487;658
686;jF98sQQEgCoZn0ULOZhm;744;317
687;IaKk9Czm6CcMWBEet9hh;694;417
688;K7lj4iK4Q1HBk2IrbMo1;204;448
689;I3Kc69S1IrKVZjepcECi;519;60
690;kFenDJFsC6b2GjUWVRDc;931;506
691;E16QyaQXeYUdz4KmXRDK;962;27
692;ulJk3zroforxLiYocCzT;834;30
693;gZDPX74UHTeJcED21cGp;157;653
694;Gj3IERArcMRRaLvnievX;369;265
695;shUqDQVScDKvLU4agz2a;920;227
696;vC3DVsdI4qJ5xL2oI9WT;928;126
697;a6YdDuWrDbMZrBiVmvSN;565;200
698;fFKRuZKO81ufbYuSLQ6z;820;105
699;u1fTyHRsXMRz6rfqlrBO;57;792
700;hi8vd1ev1ToMvWUWDIvc;580;807
701;Z8SWnDcottKexEQXddW5;364;685
702;WFNvvEqVbPoUVk7cMuyR;842;114
703;jHepE7TfAzEPfvhF839r;131;573
704;ZdXU5YTvy3lPTACiA7Wp;586;663
705;Zlm0JB5YAaNbTfa8sRkK;461;423
706;rJ7KPjMRoupSkvTT8s5P;755;17
707;HVpj0E3rUttzS3fmzY0I;217;948
708;zX9ZZk0PDas8kyEkY0q5;17;506
709;uUtFjPXUKLnYkHcDnlVN;653;295
710;bmFGUX72EAVvaHarZpef;802;565
711;YLioAh04IzN1tNBr9xdL;90;474
712;Rk7oCmQJMneHHFjMGSKf;2;813
713;UNNYT01qi7ZSC8cZlLgS;452;217
714;kdLHtYjxNuY3Yr6tMefB;96;71
715;lcpynlyvd0X5Dy6ZnkJB;142;250
716;lJq3rlpf0L53BsPNHxO6;817;285
717;WsFXri8YG7czKDfocXxt;943;447
718;QaZBytCB3u9HZ3djptve;126;186
719;Plo1kQeVoNjSQevlSGgA;392;29
720;YAJoLNxfaOlrDI8eEZzD;939;630
721;K5KKfI0OSDsCn8n1YCOq;983;32
722;IWWrG0CXRmyh4JrvuHsZ;139;903
723;VxDTahLNep9J4JQB6J7D;419;638
724;AITo2rcp0XRXkTB85Zps;1;455
725;ZjlUiNcjrVOGLsWg99Xm;834;415
726;cGnvsyCaRgnzDgMRAng2;642;5
727;XiNbU9kv2LVaRshaZUuA;511;431
728;rLUUSNNJDueaSyuNGVUD;280;572
729;VVZ3AtJnup8NOpqpp3eD;560;902
730;m4hzk3bKrANXoolcDUY0;313;636
731;ihcgzCR9Lb9nUIR08GVl;704;457
732;qCKPskqPVGQ1xy62fjYy;216;642
733;sNSCBrj91PvANDPVMY2g;501;550
734;nqluqabrBIiZmLgZvOBA;409;540
735;8XWSd1e16CJsqHGOVFc9;924;233
736;8Q0AnjfT9ao5E3VoBOqQ;129;721
737;8LtFOll9rJ1l6LbbgkCa;947;732
738;ekomOxKjYPtbuuCkBjBa;353;894
739;4gCjrHjHNQYd1nSP1lkr;253;358
740;Q4Lp0hTmtza1IFdahz2z;542;575
741;aS5gzFsFnoE8zpG26KXt;269;621
742;ne9yNcSNqQaCBtoXuffd;95;526
743;m4aq8nXFLTYY699J1P3b;972;662
744;itS0d2LcVp2zI8Sm8oS8;900;901
745;kCvAxvPrv9FRXdcBdMva;127;780
746;vvVmGPbFY8WVVdJLORqr;275;464
747;2FgGv2RrfDHE127ZsfmA;119;65
748;n9LRRtH1VfSvEduPJ37A;168;84
749;0eDASYZOUYa03N8VrKaJ;460;667
750;tHOZrNR3Noa17eGW6lkN;20;368
751;sRyVNktuXlmVJX5uLrBb;396;152
752;zzv5lQeIy40okbPXxnkK;59;931
753;WkcCWnuQkyWQMVKVUE3d;188;382
754;d1EFZ52fYtnfGjC8NcAk;251;136
755;ZhCvKqBj7DIMZoNtN0uD;129;391
756;f1oX0KjVkWU9oprJbI4D;680;698
757;gtsnvcai1IAZVpNhfczl;356;207
758;R6u9cdqAgh3cPabRnceQ;779;955
759;YjVR9q5yyaoZlbqMgJUx;181;631
760;36YMHGG8xVXkuFFjhSRG;79;769
761;hY42TQUjkeYl3iOnY6dQ;271;728
762;VZYJFU58suP1WOAYvkfk;447;432
763;L2hm5fmgKZj3rKMpFsq7;120;71
764;F4dA3mExhevqGnX1lKKg;597;871
765;iKHr6ZjW51XKXOrmrkRS;519;960
766;up3ccKKyQB4hqBFypbQd;922;450
767;iVm2S4T8Oo43hdtq7gD2;349;39
768;Uny57vvj2GTNbQgIia4b;759;487
769;op3ElVRAEzoF6rBjoAqY;483;664
770;LlGu2y8ugv0B3QlL4p8x;733;229
771;uEFakarQvup1DnxdQ4iR;899;83
772;j5OCult8NePvd95E7uRd;154;990
773;frBCloQ5C4lLWZAiNPjI;433;141
774;fFSlMSPvkH3sG2K4ZK0K;76;190
775;bpHRgovq8uLaxfWUmudK;699;784
776;Tl2aRI5JQ6KY83lT6GjH;200;622
777;RlAYYuNQrxOsZG4JabgX;615;125
778;EiLxWaae6LH3GQCxvPWy;427;434
779;8BuAp1mPAmEyWmohrpZS;753;247
780;hOnpaMaDgMCoHT2S5C8j;571;766
781;fhScOWOrAGmqL69AExE6;728;548
782;epVcsTJb1zOdztBnIKck;279;295
783;hRmCGdci1ppNn6lTNqnZ;960;420
784;lbyW4ttmHxq2IYDNsjPP;364;687
785;9n4KXrizsPy2GtXS3Fyz;942;255
786;P1LFGxIVlTcojZGDZsaD;363;110
787;fqZuJT5c2eF6NmWBkaID;571;690
788;0DAk1tzr42qjInk39kJP;229;892
789;HDizSGA59s4CCuC1Xg7r;45;436
790;sG7qfu4zGuOM1VA97Nzb;145;298
791;55EfZeZqeB0jjnuetCOG;521;986
792;qhdDHKyVGsYH296ucThK;679;112
793;ZtyFeXYIM0FUuDKmHgFp;14;102
794;yD5FzOsY9N5f3PiC5kh4;865;84
795;5aZRTvonexEosXJRM5Vo;54;374
796;EFnvZV6Q0qVo1KmKvfOL;12;85
797;PWpZ3KLJA50bCXaLo45K;947;500
798;IXRH8PP6EV0OIbrUgZWl;459;825
799;6ePgxEhAku9O3Ip3AmdS;264;657
800;rfrRt6e71EZVq0IjbVAN;779;641
801;8zAmL0u7O15zQxdfY94A;826;718
802;8iPhtE35HufCoaXxvmYS;769;609
803;MZqKDXvGmR6juWbKgqmY;907;180
804;EVs3hqkmevmu8o5VR3sF;254;900
805;EFCNr0pcgVE0EdgEWBzj;676;416
806;EvRIVE7olB2p8TunsQuv;648;747
807;eBVS0NCemc1V0ik9hhvB;388;732
808;EqiLqa4f88o31LalJCPd;542;214
809;kysIaiX8DTbz3WWvzS3n;135;996
810;cPCBSAgUNv8WFjctUtLD;124;592
811;Sk9F1n0Vk0XV49VkNxtB;888;952
812;uVFiOyuCrrzq3g1FJMTA;830;600
813;X8qJr0xikTXakHnLuJaQ;388;315
814;b1eIaTGTVSziXOc9fvjX;594;508
815;qJAsUhCoPjydQO3FcTiQ;486;30
816;4q3xk40aMNnYGW4167Am;272;570
817;ulCdGhptsIuPFIhOQaUD;737;860
818;7aTpNBjXFhixinnc1SNE;362;291
819;bYO2RjTALJLSPl60cCY4;311;332
820;QkIpUGx96uOjjjqMh5Gb;17;621
821;F05uQ8JL5zeisv0jSzlz;687;281
822;7hP4zi9YcsUeDnYrD9nR;864;887
823;BO2f16iIScSFpouUNGBS;469;263
824;MZd2AftiBZuFbQh7j4pW;976;630
825;drgO9pKrxQDaN3spVY2T;867;144
826;Ovi8nWvO1Y66G3sd0DWn;815;923
827;OD75nV5Mrhl4Qp9nMXGj;893;417
828;N4kek37SeSmcfdT2eXxn;575;395
829;sIgLX68y6ufmoNYG3uIM;386;623
830;ZnOcnsWfRe1ObtdkAJOR;918;87
831;MdCdifBJNhUgQ1AEchQS;512;343
832;hevPixC5Sxf0AvvVfgEC;907;280
833;tpkPyPGhXrA7PQ0oYNH8;207;115
834;IpqIyj3yoqLA0omY7y93;358;590
835;iAmRbGYVSKurQNICgcHV;756;725
836;purlrUhp8LS2zlXlVB9P;876;221
837;Bdd7eEHjcPBr23TJBIKz;693;152
838;dWpHkY5aTntilrC1SSdK;342;407
839;updgNq7zJNnaQ2fjgY8B;968;731
840;eUomIlRvyQILRJ8BUMmR;816;754
841;AUGgq49Oa7aXmej6T7BA;392;472
842;5eLZL8bmDvEbE7blA9Wz;469;857
843;jI6urgli4W78KaRVWYJ7;471;530
844;DVFpGNRSDGjK2ZakTqj3;766;771
845;Z8XzUovh08g6N6VtpKKQ;198;581
846;rL8Iu0BJeL0ZToFxV4uy;476;432
847;sZiH637HDGSSsXOQPqFx;366;274
848;i5EpEkL3mpvRSopY06G1;292;249
849;mOoeYcWlmXO1sCCT5i7R;25;417
850;oSQ8jcxBLvIPrU0rE2iC;263;33
851;lGaPjFv3JrpRpqvl3HEY;232;771
852;ep7LfkyPm30DBQfctGlB;876;406
853;zZU22bD9vAxERUSRHvXx;454;977
854;eyYGGTSzLz3xeMuuacMK;916;245
855;s4UOSvN1uGnESBunbCsc;553;303
856;r3cOr3XKvxZWubHkLJeG;646;774
857;KDELX8kPkIphWF21zAuh;407;944
858;bEJuFrIM2YlDz7Nv0sJ7;395;900
859;LrS8AxGtuQvqDSdLrGqO;698;963
860;cKoc942DqYY3DJEHOOFr;168;526
861;PICkMmWsZ84RVYlM6nZ2;453;446
862;P3Z5Ugthq9EJe5Uku5uS;304;695
863;uRYUAGMgOPTnuklAX5sE;399;940
864;jpop45xygaH3XiaJXRZc;669;85
865;lbpGf8lfnhJ8bL3WiioB;831;111
866;ZxMy5bbbeEkKlGtcr7AT;891;331
867;2XvgITDkChdKhDY9uAbR;49;295
868;dGTblGsLikrlqxerUxLN;237;638
869;MqPbPBo3ajgXMJkxiCu5;168;262
870;mldKd84XJfCpjYFB2y3b;559;270
871;by5pDEYug6gvoIbW5oAe;619;875
872;TrggmjyZ0b5MAEDjgscA;689;710
873;tsLXlI2eKsJn0E6FPxII;64;39
874;CBqdDimqeN5yCfv5FfCp;289;362
875;m95RTWAGJf5Q0jy9eQAb;460;350
876;AreZflYJQ7NR3ugydQeX;599;653
877;UzOFcJvRFWTJznVkD09B;458;144
878;boG3HrEZmgUJOuZy5AjM;825;936
879;rlblFMqWIiyeTd2o3UkP;538;880
880;tOf5HoNYtOqoE8C2NuIv;681;194
881;qRgahDY22UoFSdsx0QCU;768;768
882;CHBneX0qOFeO7HompUR9;117;301
883;m8iXAdjKZCGeN5RONFnV;702;75
884;9A5rosLVOWxriDDkeuiD;987;958
885;A5PKf3VUxgT0WSl94QH0;342;855
886;xVIOIN35cZfAxFs3rJHL;383;942
887;nULW6UL9rbf3qmFluGuU;521;382
888;Sl01ODTZkh4uyjLBUntM;383;357
889;OvDaLh9z3kGSkMpcffP7;321;520
890;5nYD5oIzGdmqdCKRTBEO;96;141
891;9HMK70zdoX9C3GIBZ3nE;167;385
892;KMaIvtdWnUF5YrmoqAkh;908;163
893;D00eRHvCglvhK8gQu1rJ;121;145
894;jozWtmIGpl4gDbWJRQiR;853;939
895;pQaEYSvizY6vI4nFWI6h;307;480
896;MeDuUWxlLPNHacoAgNiK;750;116
897;m3Dctc5RLZK6FhzLLCaE;532;522
898;C8Njo4W7RdZaSlhij0W4;655;385
899;z0vGJUHCm11ATZIEj9q1;445;361
900;EhvkA6f25FeOv0kYunMU;393;372
901;ddkOYhrkVBHGIDem5uYR;41;210
902;kocJSazjYGyxGCWfL1m9;941;175
903;IEhdXf2HNVT846a9RsIN;202;634
904;voWvWc5VCPDDCmpY9HNf;803;362
905;Woh1NU3IErqzS4Af78pW;80;217
906;xPMNaWXWboQNQbrJQaYo;946;408
907;LEGKDJx3DycUvHvm0SRQ;348;186
908;qmXDsJ5RRHcKDZdmIzjY;402;764
909;RvXrk0M2xGD4C1qv5TWe;894;622
910;CdoflzlDi16J1ubZiL07;394;516
911;RJhfFptLlhKJ31XdSxNn;476;766
912;V5f5iJlUyiIk2jnH2xMH;960;736
913;A2isCYJBar0WPI0mc8cJ;595;272
914;pjkWq8kn71okbCViHGXi;663;204
915;YJxZvFzdfjiN4ce6vL14;424;671
916;20Wdu46tsXsCqmNTEtdD;672;239
917;QTLZtE1pJzFDyiPDJrmC;155;613
918;ZA3UmS3eaNXflZjTAq7P;115;507
919;JOQJiIYWfqqNn8cHnEAs;443;921
920;CP7Vx5z1CyyEO4SEmMFm;26;768
921;ajF6rjZKCh8YH8qoc3tq;425;885
922;Rt0YDLpsRBEMW7CfskhC;876;592
923;ttGmdDes1qdvzR9f61dn;692;381
924;20tUv31A9CdlIUmR9T1a;280;884
925;L1832ab8ETlmqUdKtaXb;713;52
926;2OLqLuF9YD4lxD3z8YDy;377;472
927;Cxn4l1dbJi7mXVK4hRXl;550;841
928;hsCqz8NPU7p1Y06RDFhY;924;497
929;0eDkQPZC488dEYRtZOVJ;925;107
930;rp8nfYhjAV1N65NbPVMd;762;724
931;YTBLGVIr1QQj9mFsOYLK;211;240
932;g8sJ23lZq8vYmmtQsMlJ;891;648
933;m8Y67jUk8BQ7VnYVzhQj;261;492
934;94EXEZ8i6xgUKnlEJNUt;442;584
935;HfNcIvgsU3eUixRP15Ka;19;351
936;zCzRVjniE16CNWLTGbTy;473;360
937;PdSAY7uqGTo7NhnYJiQp;881;52
938;ZMUiNqPR1jNRRRyrlkfU;959;177
939;2Igi53EFu6buGvvcxvkq;204;524
940;yJaiOc0lfE5Ljy1hHu7e;50;278
941;HY4R9CYm5JuLnZCOvNsy;129;458
942;Y0qsnGBjCeARNT4qf2rP;464;633
943;Fac6YCrBRXGCdAB4QM8R;649;532
944;MekQoaOOp6OpNA8uhoqu;439;853
945;2qUJvEsfg1chlkZeFb7y;81;775
946;4BpXNK6Gj7uE1hr0CMov;107;185
947;VHeVlWnuSuEKk5dtu6C8;315;623
948;PnYoo7fdpqrDpPgir8VE;304;515
949;m8ARRuYV9zJyfMVskuMM;667;466
950;VuNmUhUBdTXrG4JM5WTV;795;998
951;BG6k1hJlNzbSAkmtjRtu;373;964
952;hAD1T7I7APqUMWqDXSZW;708;696
953;70KWLWRX2VC46LOAgUzN;872;388
954;J8gsosTi2rGvLfqjDsPn;77;226
955;B1P8JelqbeuOH4JWTL5q;908;394
956;pZpOfQUc5PbLOWxFSbBn;722;476
957;cyQlvNddAW5SzQbty6AR;714;68
958;9KRt9TiBpS66uPs7xA9X;906;946
959;9YM8Mx6Ks841sSHsd4fN;76;906
960;NeD3ry9P68TKknsxWsFg;481;925
961;qUOC4kHGBiNn30pqA2s3;793;409
962;u89RS6FxufYmzJ0FqlnT;441;465
963;Z5B6QXEuE0LkY6s1Jvep;494;539
964;DYslSTIvNeyzqPNcKoc3;133;276
965;2lqqlr4xrRG8LQHfNDid;874;644
966;FB78XgqmXXDiq8tTzPUy;257;92
967;WSNqj9yHWg4hCNormjdZ;236;303
968;7BqPD2cUAIYOqBpbElu1;903;688
969;5E8BlBqxiWpFnRxRHKkj;58;915
970;CcQkBuz9jtlMsLDAWcLs;52;567
971;Ar7VNrZUqPe0x8rD2RNG;155;100
972;uOYiiM1EqqhJMZKhTU5n;338;489
973;RNrmtndWYmJYNHxFr6RU;351;610
974;A7tx1fBryGrLekraQsiV;288;188
975;eWVn9KNNzSB5VUQF5r0P;521;760
976;5pDQ7VJFllatmWZ45dLX;136;833
977;dBMJ26vnHCqiCoOdMB0N;250;687
978;BypO9oRSdFyjx5pC7ZgG;170;782
979;60WdFnO8P0KQApMKgKqr;33;330
980;WMuUNDHsKbGGVSWDZBjr;292;429
981;3F1dIMuqhAnCoDxNEqMS;928;873
982;WpxrbsaLJYp0FCpuWKQ6;16;449
983;MQf0NWNq9e2uppvVEgOS;543;777
984;HJf3y5qM9KTaQ8MVLPsl;456;868
985;sjpxbb87op2734780ESe;612;54
986;TUFDLmuu7BZ4sB4ihmXB;831;592
987;FxKU5eF3zqJTdEkAXBB2;840;291
988;WYkfT5jjR3WeRDomnMja;876;715
989;8LaJVqQ6b7XEFsD7szKl;749;622
990;oGc7Yom452aWrRLYSWHo;890;897
991;1Sv7AY73uvzZlbUQ1Fj4;201;110
992;EZRHBY6HLi03r1Q5FK9B;559;386
993;CfndRzsV08W8v7OIYDuB;810;351
994;WLQGWOZlqpExLn0rPxVx;690;31
995;TnWflTPnna11GsHKzGBu;498;125
996;gvFjttBDbpJrX5bnj2IT;304;848
997;tCOotxnHrFaRN2hKpY7I;80;969
998;rsylmufqKumTjExHOp2g;30;97
999;tVIxHlMR0mWoxfydZb1B;848;63
1000;UoWAiUfe0sq6jIzQFlQ5;847;840
1001;DCMYHjN1t2NJbepZgAlR;379;632
1002;oJzyqltUBPlFKQMzXgTO;373;254
1003;BtmaougsVdT7M4pQIIWz;560;634
1004;67bipeZBAPXOKYzLnmxv;723;314
1005;rG2V2v1m4MLrf1i38cZn;946;50
1006;NpNXQIV2ULXPlyZh6LPh;461;59
1007;ruYovTbvMQLbZKjDlFGO;126;574
1008;HBBuGAPs448nVTO5Z5md;859;354
1009;SAQkQRfxDNWORjuElCTd;129;493
1010;Ci2bfr8QSAng67MEXj03;564;982
1011;ttdMoDI7KujnJgmdvH0R;884;85
1012;gOQh6yHaEBWB1l3HbxuA;52;556
1013;IsJGxl3J54rv3TPynSg6;655;887
1014;VRJmEd1fXCSKzEmPveIo;202;779
1015;M3E1a1smIBOXQT2ntiYC;864;857
1016;JvlYAVfMV3lAmudh50QN;604;32
1017;vGJ22hyCRKqtkKQZyTOk;656;681
1018;rLuuefM2vg5vFH87qTYr;697;539
1019;bjkeoF2XIcAW4yxWj1Rd;979;3
1020;qWNYyiLjozHv0q2ugLOJ;260;918
1021;S9fKlT93kuUBffzQeO5o;423;267
1022;Z5dzinsTxbZqLnYXGqfu;149;910
1023;bFGEjcVC2gM8qlkG6MB3;169;286
1024;vuj9I2Pk7sXHIrOFFpqx;902;776
1025;hrjZ0T5PflaNbFL5xXE3;854;261
1026;anVxADEaWi3LgpT72tlt;809;863
1027;ySEIcnWLBj1L1CU6uPkv;239;126
1028;HqLOz9xubbrGZrsSjxTv;725;954
1029;imzTWDvUGWaJOdo7xqyn;89;490
1030;Yt6aqXpS005oDuqbXjm6;574;5
1031;yMaJeMS205bYEMCWjOpZ;519;691
1032;cGE74x8AJvi9DSUBZ1oY;923;448
1033;qlsr66hSPWuMyFQkMixd;348;15
1034;MUZENBBhmbdKZyo0h13O;183;266
1035;80WNCSOdTn6LO1IoGytr;95;289
1036;okpjc3joFSzE2WLzBNCe;211;842
1037;cduZuDoQq8jyFi3CCrBE;834;19
1038;1fbVKCtS8qq74ngAih1v;432;777
1039;Brjj7SzNTVuRzDxtUQ0g;197;308
1040;nD5et5VcGa11jlbit6ix;616;645
1041;YWny5p7p4ETMrCI2v4eM;592;218
1042;s9e3QUqLB1uNIe0ZF2ll;566;540
1043;5KNVSGRWUyH6B9QM9S1O;906;871
1044;dshFtRiWixzS2dbZCgDe;56;74
1045;ZBiEXHMmWIaK0j9ukL8B;456;739
1046;47BfiBgu2chsMCEACJbW;214;670
1047;NxqMEKvo7iBHlgpqOZhZ;632;168
1048;kgSXpd799JjzGA2Mt0AP;994;752
1049;6jh4nN2dGFS08RhuIbta;635;185
1050;o2xEAPtt6cttH91g4pJM;113;311
1051;0ISji7vx6SATloAysKoR;726;511
1052;pzGxodJv0opkY4bt374h;466;852
1053;ODq2gPenxxAJQFsXaBBR;455;154
1054;Kunb6L5xlrPo8It89E37;168;968
1055;znlDMeZeQVqHodcQUlD2;224;212
1056;sTWG7e75oSoYHbbVjVee;141;120
1057;VFnmldUzDHmiRx67uArW;949;351
1058;GLOVlitfiyupDqM9n2p4;997;281
1059;oWkVfY3bKPjY9CxEoHG4;301;491
1060;qoV93LipS4dtsKdrZSmn;59;898
1061;uCB2RVixFjBzRTptMWp7;603;96
1062;qGlyRLStGGiYcbI4mDr3;949;961
1063;zI2OPxLXAeVpBNs88nZS;708;67
1064;XFc4YHmYJK8p3Rz4GXWO;994;426
1065;shYGVtpXuH3fIeVUKIFB;355;507
1066;BaYjUjGu8qPlQO8BjYNu;650;754
1067;4ODKjmyjC4h7HLO53x4W;206;764
1068;Hn0HcvSHrSUgybIZjrqB;502;871
1069;xT4zpIL2kuf9nmTyHe6Z;459;330
1070;Hy2gWvvoffptaQMFP1z1;872;618
1071;rAn5Ka8tep9U4TLGEFqE;892;269
1072;Kbjq2M5SIs4j8FnA4gcf;746;524
1073;NJTxxhGUQRcqRRIbQrUI;335;991
1074;8z6JBrbaUkdxM19WBKkH;357;462
1075;ZdqsKQSydBTjXWvQh9ri;67;148
1076;Gh9LVxk20ppGHseIpE2o;283;385
1077;tgbeRWrMIjiELjbjedmk;576;932
1078;Tgc7JYgWVZVYShvzspUR;766;683
1079;KSqHJkfVguNgY49KpUSq;872;588
1080;FnrpT8maKPBQ3DtLICWl;124;69
1081;B9cyayX79MCXZOHyUXBj;290;880
1082;IyXdLJBWfCHfDvVVhSC3;16;346
1083;h8V65NcU6RaqjsrLmCfE;727;201
1084;be2kCRN3cmXi4B5J3Fs0;214;617
1085;zsbbBP8r28l6W6jPP7tK;859;559
1086;1rex92uFf2DWHK8S9gtt;731;669
1087;0QBiZit59MJkGP7BZ71O;140;133
1088;TDt2MYtSKaoIcF06x9gu;252;543
1089;P26qLXRYMZOmXfM2Z8lt;855;666
1090;cgz9iJODyuyFqgQSsLHs;724;294
1091;sicfe3EfpoD3IqZUStxQ;685;214
1092;YYSLaE2OXBBc6nWYG5mb;470;806
1093;sYed2KMaQ4gtcIuik72f;308;127
1094;Ro5OoOGv10lgy3zxmTeF;669;163
1095;9Vm8ObkT9x1J5cyYv6EG;330;675
1096;GboSTfmc8F89JCaGvqqx;780;930
1097;G71aRNz2cHAyLTcFL3Gc;829;15
1098;9RimIYbPpkyUa4Yc2ID6;29;760
1099;694csQ45KFcD9in1Rum3;7;526
1100;tn29tz8ryo57fKROIWT8;641;548
1101;qZI8iaYdfRIKgsVFVTNl;22;179
1102;kJjs05DLWmsql0VSeFO1;769;921
1103;dT6tU2ljfP53fC7B1b1i;431;546
1104;eKTq0hrv9HrgDzqNgz6P;773;282
1105;Pqbyr2r2DEI9HKo3jO9x;522;305
1106;h7ZIarQUz6zsgQJaRfjB;347;977
1107;q71C1NhneVzNuU9mdjrX;969;272
1108;YcMV8vph2a0S09uKm89L;31;244
1109;GNMmeSA4HU1kD5OtUDUd;832;866
1110;a8pU73YVr1t0yPmBJopk;4;330
1111;eacjTZqpkM2njSRdXbIz;92;107
1112;SlhZfuJpkz6sJxOXOQVE;600;366
1113;RS9Q3DUYJsV5Ni8qfrAS;851;681
1114;fppRUxk8P8dFojNTbHDt;878;820
1115;t3qeGsoTWHK0pFLHoIV4;567;71
1116;K4fFory2Q6VVbkFzu0L3;741;459
1117;Qh9QGmMDPFlP1XBY19ha;644;963
1118;Hvmi0fR84hViW09Ld962;300;974
1119;kspecRmIKTr3zxXFXEuA;316;501
1120;AxDsjs03bpthdev1DrfH;439;881
1121;ZLNVa2pzE75juVUQ3oFG;722;565
1122;DYYiV0qaqcXxh0gxc0CN;360;216
1123;mW23IOxvmbPpGUDudQxz;623;211
1124;NLM9nD6eBmansiWAOhMS;914;861
1125;0I96XAaNDd0SmAukSliu;556;949
1126;2ftLRPYHITsnNjRfc19Z;511;492
1127;9ArD4NvKTLcyQsQgShFv;186;525
1128;xG9DFcqOfteneeNEZp8X;641;666
1129;7MsmS9RPizPXFpBzEUHh;688;674
1130;9eHARtiDFGiX4f7NXNdY;558;960
1131;KVLv9dA7m62ZBIiB7WX4;985;945
1132;yGmMCY52jkv4bvLbhbQT;639;859
1133;BH0HzPjbRa0lIjgoGMIk;465;951
1134;sLvIO1MOqumfc50jitPu;42;959
1135;BxP7RnSSiZIS8Exu3Jox;697;208
1136;aFOCcIn8othRLh3VxXDO;357;733
1137;S7m0Ef61VL4xE1jSfREY;98;301
1138;gzlT8ZN6B5lWGKRIpG01;408;40
1139;Dux37ysmaI4POLURu3mT;17;361
1140;YFq6BKVdMfjVjmAGSMyK;681;304
1141;TDmFgXmeFH0NAuam9DNZ;141;178
1142;YlVucOXKke0iDLNusHfB;321;267
1143;AS2eCQnqMiiUtfaTSxCc;559;301
1144;kLfz7KnFajZHRSam1Wgi;921;128
1145;fVjGyoQLRWcxNqAZrNur;673;113
1146;NeYNoL6k9TAaB9oBWRgS;202;339
1147;rYG1ytt4L4zPgyPepemu;524;539
1148;QTTCWrCm5WNGMXmjsE4y;633;746
1149;v68BgQ3mxSn8zyjYSUNp;715;967
1150;ehrn7Z93LzV1NFaFzjJz;333;280
1151;jnOkWzk0U0Tf5YU8vhT1;310;870
1152;DHVEXQuyH1CBXba3rBTN;218;841
1153;eXBbyXEsu0ae6cHdBfFi;636;501
1154;YzvdaoCAroNWNYhfOTl5;615;734
1155;gbhC9hTuvEVvvPI3pP45;376;487
1156;lgjVs19nzWFLX1nAYI6C;359;808
1157;hHuCK5SBnoAx5B6MALBU;176;41
1158;D50CckY9JxNXJ47r1m3G;130;154
1159;EKOMVQc0KEUbEyUxYfF9;955;387
1160;e6ucWFQ8BZ1XA3Z1lDyK;146;799
1161;Lq5ydqhUEi4LdplvibX2;440;761
1162;JpQPEcWll9r8YM6x8OfG;483;625
1163;my1cyzTbW0pb6iBsM5pB;249;778
1164;RPAZHbdeWOVnu95MUsXk;207;179
1165;j6cKzRxf2hHAu81L0dE7;589;6
1166;H6IOB2e5CZWXaqfRVrjf;140;842
1167;HPqoBRGBOSsQ2DIAmWOC;320;861
1168;L7nfArlMdjDafrI1ilQQ;375;102
1169;ZhNtuyld3zLlvzB6nVu4;429;338
1170;5OTo2Lpgdi7D0A71Zpmj;991;622
1171;Xb2WLoHTPXmfqApjQ3PS;30;977
1172;ZvsPAb2YCFWZjhpNVeTt;994;684
1173;pk8AjeGZQ1oPl8F9N53k;423;175
1174;JhcFjymF7lVA5Zu5abPV;290;665
1175;OVU4m0RFgFNNbPPXs9go;846;656
1176;qhOcvTSZdCzaBXLmPith;250;152
1177;ItqaVx1X6bWVCASuS117;175;456
1178;3X8JOPAm5qhRFvf4LPFJ;300;391
1179;jshuPPXJBKMRGlH6JD22;39;280
1180;XdObuCCSm3NUTphbRSUC;600;659
1181;Af57xxO8vZZhZbXxJ46S;783;951
1182;CndOKpdGmnoOxtdG3Ug6;772;529
1183;HnJMUjPaqGSK51vxqc5c;520;74
1184;zCNLD4oLcSc6PKFalTTn;759;616
1185;6LmcVH9xXDlT1nsDpHvR;973;357
1186;uojApl3nQBlCBJ90MjXg;9;437
1187;VFU8PmkHSB7L5PsfaUdg;383;736
1188;5ZINoE74aYMaMCfsQFuL;13;958
1189;SqMTd1t7qXKul5H6adTX;758;494
1190;05qWnD1tqqi2NfxQUDcS;792;118
1191;PqbGchlOqWmvkWTUSoD7;299;422
1192;b4BakQHdOGOshyOJAtoq;695;268
1193;GxMTsiDQLbeb6k9qNeUJ;987;948
1194;oqkY9TKsUsTaxyICcpsT;845;38
1195;8012XXtljBjpqruDJOjA;727;62
1196;Ez1zkrAamckLnazEOmNr;540;591
1197;z7diyUOgTYAEYAknPBcz;692;783
1198;FLyfSYDPZIdgEtM7daLR;550;556
1199;4kcAPPXMeNPiCYeX9J5J;300;612
1200;27nGdi1tTEsir6zc3DmI;67;256
1201;uW7DXxXc9W7Ceg2pRW95;87;26
1202;rTsFod3cVV9CKUIT68Hg;44;41
1203;QQIP337OIB5mOPLmaSEa;37;653
1204;R7ae6LJh0T3V17k37H2R;329;831
1205;nycfUt5TStP0qiVUG8LK;328;790
1206;48A5nRXRdW2x2LleMFyA;121;725
1207;DFyByxaSPZ29DeBMQRam;841;541
1208;KF4fQBaJ59kK2IHCWBMV;947;586
1209;ErJNiUYp71JkevJIyZzz;655;471
1210;HWSZT6AFVPRnLYG3UDsb;268;25
1211;zadlf1sSmCvQAV3N6tPH;109;439
1212;kh6diSghql0TaY5mtR9j;6;109
1213;bu615BNrREqCL7urcTz5;423;399
1214;mqsLXfKq3jNFQPLbfeU1;41;902
1215;9Y675b2OF8MGeSAOzm5I;295;875
1216;c5utRZPDub5Oq3UT62ZF;81;913
1217;WkMCmM6fZ1fI6iIedQgE;405;225
1218;zreQxtZTAWa9l79JVYec;79;903
1219;HgtNUMNACgKDFt3PT1M4;978;147
1220;smCCuPfhf5lGZGqWcvFW;466;822
1221;L1VnTkN92VeblBpbRmCu;819;978
1222;nGRMtRyJyvRc0HUDSVlg;188;737
1223;bBuXczPPrnD7NHrf0bQC;271;780
1224;jKKRk54VIGykgnHpn6Hl;142;48
1225;UHqrtau3FNQnRs0bkJ5B;978;879
1226;afIX7L2AMe0UHZ1tidIu;802;598
1227;6NMWMEpRJG9b0KrkRE8h;857;298
1228;mTODFHJmne7j8P3lCQNG;483;113
1229;UxCTJWKGI0ChWJhtKcN7;766;241
1230;2hdeyGXXCaiDSOBtqTdF;744;121
1231;NJXI2l8y2ehvLSqFblE2;280;970
1232;UxTampah3MKnrLxFbDgg;78;229
1233;YChhrSJDdjlsPb1Ibsxz;681;546
1234;HZ9nEqZ1ooufX1gy6LD4;400;651
1235;MUNJtvLsWny0kpp4C2SF;341;861
1236;TiS5XoIAqZkdL8Y9FYTt;744;374
1237;O6zEJ3QfTOlN1ZSyF73E;960;682
1238;2ObnRF4sVsxPLIpNDQIX;907;473
1239;sSoBCr6XFSPdC7jVX0Fv;381;377
1240;UKMfTaEr5J0DdL64kGbS;559;761
1241;Yt0rzKDoD2ef0gJS5r7R;286;704
1242;eYzmDUebszO0P2MQGNU6;926;926
1243;ZLP19bNhSHJf8NhBKy7f;973;384
1244;T48lDsgbkvjOMc2ZYA3J;236;143
1245;DVsZX7KRiSGzizqCd2RI;590;593
1246;C63DGJe150aLPJFQoLXW;478;155
1247;ijQdGtVRqqsCYYfkRx0y;589;48
1248;NgdXOlvzlCvdAd1j1eSp;245;798
1249;PLhFYdeNQiRSNp0VBXTF;378;34
1250;NmNdOD4hll31HaC8kiQG;367;59
1251;ugdJp2CE4ejyZezvHvgx;102;372
1252;SQfghk16dYdrspAVXK1Z;806;219
1253;gbhLU6MMq0JiyQ9envNL;17;915
1254;MyFAFX2oaXds74KzPOE8;885;146
1255;l4XOKyAo1FuaWjR166Yu;793;272
1256;eTmhhSUOkKVLWoFEckHL;431;450
1257;vRYaqfgU00ZrRUkDfJeU;587;826
1258;pHsKYsUkm5IiFZpC8WQv;72;994
1259;42a4xTobOJMcVT29YRng;705;868
1260;KYLEkFOKyQWy7esQebiX;50;287
1261;B1CzcnooY03PHb0UanyW;625;460
1262;BHuyO4v7drre06G42xyQ;347;672
1263;kUVIpcWSFYnBHguCNnvF;558;902
1264;81nWnjNfNWjA3lbE888t;834;12
1265;hgum1fBn2HtjqqC6iGVg;784;727
1266;RtbBcbx9CkZk901A5u5i;195;941
1267;lDF6R7uIhWHuhCk8vZKN;645;987
1268;QjTKG1vUsu50cGjqotyF;885;880
1269;ET9pG0TauTxq4XEPBE2l;566;997
1270;S2W4QaEAl8X7EQRBsjAp;641;197
1271;tLBWYLXThqdmsbU3AvYs;456;134
1272;GsfYRu50ajsf9q14bBr9;414;686
1273;aZBnmt8BoHeFCimJOZnE;901;810
1274;bb2ecqOu0BEBBfoproLY;620;991
1275;JYJBt2OoQ8kjF6tyjOKk;726;630
1276;ldt8JPm2o2qMyXZ8RQfU;604;689
1277;j1BFB5hWlcrB0IL3UKSz;367;709
1278;Y5TWEH5gSccxUNaxo4YM;414;536
1279;LgNd7IaC5govy20Rki17;223;424
1280;RD0MiHTvocepiem6T9i0;453;830
1281;Dc8eWCRX6BvdaL5i2nhK;282;954
1282;SrdL1MqxAq3ujbTVqvgm;920;376
1283;OaSYfAujGrt0as19naWK;934;984
1284;KKhOAtfL0ilSUxfs5WAZ;442;916
1285;agBY6zBoNzTTENBO1NWm;254;468
1286;ZGBc8F8oIj0lsXbTEaHd;157;769
1287;cGV34BvpbxztKVVpdJ1o;718;881
1288;8R0erN3eQjhI9E6KeISH;892;635
1289;AamUMvbFZ2nrnDUB3DfU;202;632
1290;Yu0kT27q5AnoSWvHZfOa;251;612
1291;LmSJR6L4BNnuWL5TRmvr;156;446
1292;GcvsuMqBefMqMiRz0ZtI;618;976
1293;u64P01gWnzia0ZC4hqqJ;851;173
1294;5BIHa7ZE6bZ049POCDcj;840;85
1295;DVRgTUiECYGyXUpGWFjC;257;362
1296;l7KfMT0sCe06LcTtiU4o;149;747
1297;yphYemuvhDnIibqZsl3g;7;271
1298;EP1BpVVnJz7WqDIV0Rj1;419;949
1299;d5KUmz5P7N7HS5SIp4Lz;103;132
1300;0Ty8CyrUGu97k7IZLbcs;139;562
1301;HWM3OZRAHSnYeCDlpzV1;959;111
1302;9jBBWSdex5f0ev3xuAmm;840;452
1303;tX1B1ovMsdA728l3kP72;658;695
1304;WPvqj5HuZ3NpLIveWG29;522;232
1305;b6kgdT17laCV7kXrD6I6;24;897
1306;X9zuYRQKimUEv5emC0pV;388;985
1307;gDWUNSzrRb93BHpxYn1l;637;867
1308;77ZYUFldh8RPNqnPukLQ;835;343
1309;RC5JRnZlay9hgIYSIFQz;102;469
1310;C5YnqvtfTJcDZfXoNWDM;345;522
1311;2lND4BeJuavFZ3AA42rm;115;354
1312;nZM2Pu2Vfnn1O2uvYUXs;736;293
1313;ZKkRt3QfJ7ThUVNKVBdp;781;522
1314;LEohm5HqtusLWJmCTCKS;39;681
1315;IOPz7BxZ3d3rMopytbLU;145;281
1316;rsVms3YD7OJtSjPTJJWd;670;161
1317;Ae1fZ6AGfGmiyC5Px28j;547;359
1318;DkGTevx80tHP1M3k5lxQ;683;191
1319;N901XuynIHbvf42dKFiz;276;629
1320;OAkb0vjiAsFZciWSpv06;35;279
1321;d0BlgKiupohnvpTUldbT;64;592
1322;3iINI0cFjfUk6JfuDSEN;365;803
1323;DYttuJtquACixlzIdLW3;951;389
1324;ldnhPdLAAZUhEJknCcqM;148;170
1325;7bzL64giRc2M7De00GaT;263;593
1326;n4JPxRnycFsz1UPkXonR;472;884
1327;42VU7DqvnvNfliYC6leT;471;429
1328;2caidp3ZpGzeK7HA2GGd;765;434
1329;82okcWtboeMrMKNVoV1S;89;972
1330;rGfYCOmNa9exmrDYzASD;978;353
1331;78CrzRcBvj7WgXTz4CBA;509;77
1332;8e9PPTCUJCU3vUPAMF9G;806;666
1333;FobKin39Z0olX6tBZXTL;885;978
1334;MSJjpEVphcJ7dsusj1bi;322;749
1335;1yhy7i3Ngky7MHFXDZ1d;993;682
1336;GW9Rg53gQce7YgBvemfB;573;9
1337;vKC6oY6tpviVWtLI895Q;734;670
1338;QQPByh4CDJ7cP5JWDLKM;164;515
1339;myOqfBbkocRdE0xcfBKB;601;491
1340;lRN4uT1XTRURt6i17yVz;131;457
1341;VVFQ4LpKDgVftF4gjYgN;799;350
1342;iRlPr7vbLx5UiY7SSeQo;98;57
1343;FLFgt4kb4mjN9i55fXDA;260;734
1344;Cujkr4FKoZzbyxcl12An;772;392
1345;huGHP7CPY9Zki84iubn0;893;243
1346;xyXoxVVDVBQOfzsCInnJ;46;747
1347;Sm2rFa95WdZnMdEBcepe;272;302
1348;mfR9hjzaAdpXIExG5Qod;557;664
1349;3G61LeiBU6JdoGPycQZZ;968;317
1350;40emkS1odGFnrONaQ3FS;716;679
1351;n93FGxCr9QxlvT7VpBxZ;247;643
1352;Gz9mYSkS5UP9QMy2mI4M;333;763
1353;x1H6WqqyGSBcgVOkVGe7;727;491
1354;mESd1inTrBImjKPXqzoW;209;939
1355;2Cl0gj7rknv8MQE1Jk4C;492;789
1356;bOtCxXxNAOYUk27B585z;393;126
1357;FxfVn7L4um7HN4Ym2pgp;638;580
1358;jL1M2m3y2IshFoj51GXY;770;632
1359;xFP0vjM3v2kuZJO7oU6p;786;616
1360;yrigvvoTAbFgVilqK82b;469;182
1361;JDUMzJBNIbdrmtBJcolD;845;496
1362;iQJB4E4NzlnU2KzqgID0;8;462
1363;TsSzllmg9JB6xFBXoQcZ;443;474
1364;tY1YcXQQiWkYmvHF73RP;437;316
1365;9x0sB7vniKyfli7Sgabt;411;64
1366;UNHt3At2lh31qNRiYX7I;242;329
1367;k1HUFkpfYm28EDWWKynd;441;229
1368;Y0pI2dbYJcfKEsebZo3z;83;421
1369;9xljY1xDDzoXR8PGykb4;517;446
1370;7CZxIHslH4LYyK5YZff3;924;696
1371;aF2nDFWKRG6lBaY0cW97;643;783
1372;XecxNIeouYLL7MlDPNy2;500;695
1373;pveIUUZQj9DcZDyzHnVr;755;55
1374;h97iTZ3xaBruur7Bx3It;721;656
1375;4o9griokGQOZGkTp624A;940;826
1376;eFjGVBarjhMA7ut0gDSW;150;684
1377;GzKxj0auoZcggb3NVTpA;767;798
1378;rn8uDOGyzrZuZKDecm6m;168;818
1379;xf5xjceXdurhAXzctlh3;768;809
1380;RoivE3F20jxaDSrux7OJ;481;933
1381;uMQ1fGtnMgyEDAHBRxB9;432;722
1382;yxXGTUuuQsaXYex9ypXI;865;310
1383;sg7rWrDiOHxHF2HHifJl;152;995
1384;KVmIhPIz309ziDL2tYli;146;466
1385;F5IFbThNGANMqBAFFvKU;529;325
1386;XWJI4gA2P2ERNPL7h5dh;810;256
1387;8BKg9xTvh7xMuxIx32f0;796;218
1388;M1FmjEXDXMSrvvyZOpfS;366;14
1389;Tg0mDazlCqEygKYmRW2X;862;407
1390;QNC0eOI4MKLfINRcXZtX;527;748
1391;inFHdA2FviYWhejNs8i6;116;268
1392;4U6jAaEiRBVvUplyMUKH;906;460
1393;d7aNzv0PiG9UDRmsjrYo;811;922
1394;VfqDZVb7QEkf5ySqtyMo;39;931
1395;qyhuZLXAm98yD6JIAVGu;299;783
1396;LftkkDOg9aYFTxGm47U7;980;174
1397;GKMVdSVy3LfckMGlbL42;255;862
1398;1RHge6cXjVjhPYXWUyb9;871;308
1399;njgOZkRvanh4aImnLFOr;138;768
1400;2g9FoTsrhCtTCkoPjHcs;45;267
1401;DOYIQBIT7X1J05aXHJip;87;603
1402;XdCNr4cQKaodsyiYfGZS;851;58
1403;6VFEk7e2uepHtVBaj5ZQ;600;273
1404;AMQiayRxB3jhOxMxzgKc;221;77
1405;hkQ2yo8nxoRU9Ena31SS;556;29
1406;oMt0RcRUX1qJBKSxlzu6;482;681
1407;GR25nC8SMjAJZXJZ05kA;903;913
1408;eijDE9C0jTxrnHzprazW;566;760
1409;61UOhj3KX0cLirXKfvMY;30;67
1410;W2XMerYrMxXxVxmGWTA6;902;2
1411;tg6FpqXWUuHE0BYlX5vM;811;851
1412;h7VTry90uSg8EZteusHJ;664;168
1413;enAf0d0BTfoUP6lXO9DX;600;852
1414;1XNotzY8NJkXy42zKXPi;762;338
1415;H0rsXpuhNVUURGOlKpg1;31;365
1416;Gm2VNnVNlONleCTuUJjc;49;765
1417;MiLmDcibZXXYKLuCFDey;977;429
1418;lzrrQHu7M19f4nMaEejH;720;665
1419;VOKme4DfXlxg8TjfKxPp;233;712
1420;26xMoIOXheRxWk0Ly0E3;806;183
1421;fpjGBDWNJIVvgxkTGyxN;604;746
1422;XQ5GYknc9MchLlWF3scX;776;333
1423;82405M9BYgp7XFM9A5PL;176;988
1424;HrXAvMuisBVn0vVzrCUd;560;239
1425;N0O0V6W0auNagogmEife;205;490
1426;KZzzAQPO4JG3DCqugHMu;670;530
1427;HFFW77fL7AZ9uzmaXWpq;813;531
1428;cDSgDNWo2rVDoxuAtaYx;828;402
1429;BuYDWTFG4QoBvOA4GzR8;492;569
1430;SFKNWZZ1CyVqvRNf1Vkb;441;937
1431;ONMvr6b6GVJYnK8NC0Hu;54;258
1432;a7QEv4LRS8LuBBZnBmd6;292;742
1433;XKusExq349qsUpCH6ho5;668;647
1434;rPKtXhHruixP6Yc5ZHx3;949;566
1435;Yk4OmDBltBdirHUHxUqs;745;373
1436;yGAaX3Oh2rn6eNqu8X20;252;341
1437;HHIxxIbbgGSeiI6CUBqx;780;396
1438;2uEhdjyb4ZT82AFQD7HC;458;377
1439;Ql1uTCZShfGSjfCEjJ4f;773;302
1440;0BKaEFGTIRIAnLT8LCnN;543;53
1441;gZizainJSE36xR6oq0VL;260;438
1442;D52cnMiqG02uMq90P2mf;429;666
1443;7qSD8pUobYb0jYz1WkVO;268;481
1444;XBWOPxgXMJR4CtnYxTbp;840;151
1445;XT6VcS03bRLDRicVUziW;263;335
1446;jE2pICxtiI8hIcLcTB17;763;577
1447;XQyls59iVdaYju7mtVT4;974;542
1448;G9kncLnE1YvtMFJRu4KN;749;286
1449;04WsedNAHHKzKycV4gpl;893;247
1450;tI8D0OucFV57WeYruRVc;328;463
1451;cDhCFNOvjcLSPvatm66k;812;453
1452;4uqqyjoZVLrasn0zpbQS;293;178
1453;PQmVUixAzrukXMbkxxDQ;481;459
1454;E7ACqesNypOXksV6NU4Q;305;111
1455;ey6JJWlWr9ns0BdCxah9;710;750
1456;kMzbx2U0ZOafe7Za7P7k;688;220
1457;WeK9XiEa4ZgN4L5XqSTu;189;876
1458;Niu7Xf6eFtHcirEuAZto;195;872
1459;LUV3KLpt2P3iXJ8e6WXE;274;21
1460;t9tLdkr5OvO0yccPR8TM;272;616
1461;brVPF8NGF1nAeorULDTo;255;535
1462;yzD4GgnYxrIXKDsbB4rr;4;58
1463;ZeGiloHCD3a2WAAS3Pka;316;363
1464;PZCNUmfAsG5KmEV3qKlC;577;94
1465;H9p8TXMgLnZLozTqVP8M;537;912
1466;CZPaF8xc8cGhMvk4Sx55;64;365
1467;TZZbkqFuSBQYSx6per9z;519;46
1468;0UtMz92oXgxPFfJkdIik;809;293
1469;VhcSRcp4d4J4MLGvZdf1;125;642
1470;6bVFGuvmyLdyDicYheVI;453;31
1471;SPNCP3bKFSKFICRFzl4J;476;791
1472;g1TMATJ6HDFfkj9eTn3v;828;738
1473;CvRunCRgJnalG00Mhr9j;425;738
1474;hHLzyPBo7KNNmcza1GOX;137;333
1475;r9HbxA4Bl5uRaQ2gtt6J;658;861
1476;bY2VbgtU3IFhdpNYjs3e;173;173
1477;LnCyKLMUzA7OQnndvhj1;353;740
1478;0di5iDk9YZtkFqLkmDOb;937;137
1479;l87iDCxUPfBviJOTzGDf;296;299
1480;Eaye7dn4gOPFtTvpQPCg;746;583
1481;AYo7ezRIuQrhQVKig34D;374;945
1482;IySxWgHqM3S6tLGpnLoY;722;323
1483;D48vLzvmLuUanafMpOlC;746;993
1484;cTti0myh1fxM1p8uUChC;104;18
1485;lhYJ8ntr1N6l3iFMa8XD;776;89
1486;ZlNg6OIiWQHvOG62PMHi;351;925
1487;i4jvvR5GvpDgKsuxK3Q1;691;603
1488;Mr5d04UxuL4Cjab643sJ;528;835
1489;kga7xYulE1uvWEfWkF4M;443;599
1490;QAOkcH56a1qTilrI6z0B;540;34
1491;La6obqrUlDSTME0lNR8B;997;434
1492;OkFl47lNkzTDhfdlhxCf;647;312
1493;DjWur969As2aCedzogvi;439;415
1494;oH10BisyeKQnVShEmSmC;529;631
1495;XTcyZXcLnkEyY20sEVQq;66;501
1496;uqbtv1ChMdH9Ay2qFpBu;13;712
1497;VGMGPe6axI5JIiCfU3LF;922;194
1498;nFK18oADl5nGyF3jAUm7;538;579
1499;g1sJqld4Cbzgea7WhTht;876;858
1500;L6WEm0uzLo8WTVGHldN5;412;304
1501;o8PQVa2UM58oRKDBmye6;505;155
1502;4HHPOs5HxIvWBPCEWy3k;569;369
1503;1U0RfYGdS7VIZG9Iiaaz;346;961
1504;6rVqLvM9n1akHSco2niH;36;663
1505;mHiWsxJOpKhc61eyy1II;178;51
1506;RH8pGSj5Hk2ItSa12s4j;232;989
1507;Y4y1uaLQQnpJFRYakjj7;12;55
1508;jmpYdux37H0lXq8HDlHQ;342;698
1509;9vIS99MyTvVH6LPPtEXu;694;120
1510;uzsb10FcMs6VfmPMuOQ2;290;958
1511;8e588yxcTHeN75EJkDV3;944;768
1512;0S7k2a8IuhSooAYfgvcG;127;500
1513;FRljaDqgFKUOiIynH1cJ;731;322
1514;N4DpJ8U0pKp00NuEnQ6n;929;964
1515;HEUMTnr82B2XhME1jiOn;565;143
1516;19xFzxCSvRgbBY67Pgi1;907;408
1517;ckCbNrlEgSJrKmSR8EWm;155;545
1518;8M0PPpaXTP7ZsCFDY9nO;691;403
1519;pWJOtY3CMKXKLmk9dLg1;852;79
1520;GQYKqlJ1qQ2XG2UdCPza;909;487
1521;01xW2ZSJj3ihWSNioMkW;842;66
1522;hlezmnOppGJIggjOlQM2;309;120
1523;Uaj2a8gHYyElCOquXBWg;27;120
1524;Q8JeP2nDzlVXVqg6upc8;48;562
1525;ZX9pAc1y3yEbrK2FB18c;968;145
1526;6YksnJVmLmTaAyJAs7Qn;586;473
1527;tpdIHrZjANtYd2RBPE9s;408;443
1528;S4WiFRRS7YYuS4amm7Iz;320;790
1529;dEaqx38JP0iTqJeItufs;407;444
1530;DcRIdITSiA9HhQuSR5GX;861;92
1531;SBX7xLakxtxugWvDXHpo;889;372
1532;oDx6NZcjauqUm7UeU0b8;891;625
1533;FHi7AMcB4EAiQvWFiJAC;538;382
1534;YUmDXtlAifrAxLpPSS6I;544;387
1535;yShXxx9roGU2MlrSaejN;977;783
1536;01Vx93v2Qise7U9RRWPy;400;580
1537;yz6RVOMxams6KCxbP2JQ;300;834
1538;tBU5alk2I6OlVFBgFP5l;759;32
1539;RbXLNgImgJP9iAUQV5AF;670;820
1540;BQNNRtuGiymUbGIOkP67;215;971
1541;ZAnWFtHGXyBVc7aadGZ4;738;655
1542;XRMRJUS71mDpWvkQvedO;86;145
1543;PmDa9V6VfdYG7RWmuMvC;822;531
1544;RhCfnaMXg2y20dhgRo1T;447;57
1545;uQZYUBdR12zLiAnRZtZX;345;245
1546;XfkD9XHfTf6E8FkSaZvW;844;982
1547;Hs5jBjYkjxEiHnFnvXH7;542;162
1548;lmcbuav4909HgoHpoq6j;451;923
1549;mupUiv80BHz6EIXQJkMR;207;896
1550;ea34LshFDJr5t0JRdO8E;785;492
1551;aGOUtucoS5cXYgcFtzXL;24;320
1552;za6QtHKBHnnOqueo2zvz;664;65
1553;aWDLqffFl5hfaklb4XF6;123;210
1554;djKpqdguuY7BrYfNDuy4;392;630
1555;voLrKhFXr3gz67jaOYCg;20;897
1556;JY09XV8ksag95CrJMtTg;986;139
1557;bmG5t8H6JO1gj4iBoHcn;342;56
1558;C4Qbix43Y7OKoWmUtvAt;96;701
1559;3RnhJxSd7YiSUsDrNV5G;968;715
1560;GBR43krvxdtRPE85QRc2;901;72
1561;H9G7SkSnaWectj7NJBbn;740;10
1562;9nVrVGLCEPvEAxAptQS4;990;171
1563;QYcL2HxklENIORAH2nEk;280;848
1564;dy8mfKb5d1p24tDzaosi;234;775
1565;rIrs4507T9cU0U7GloJB;153;29
1566;mJr6lmiEeVlWqgyJ28ip;649;92
1567;BIdZba5Rg1U3vP0GUmAS;579;809
1568;KhO1kWfg14cQsNkquTnU;558;607
1569;TcyPoIoeARa9a6KQDUfj;634;928
1570;svtLRS1Cd2rHx4sxWWGY;611;350
1571;ON3Z4O0qmoPG2rlrppB4;646;46
1572;iqmlkVGdtcdQ5VGbseWb;277;938
1573;zu2Zaknjz8voXiPXDaKN;423;702
1574;myMJnlsSqhzCSflkApx7;689;271
1575;6H4ligaqPtpHKQAX5cuN;787;888
1576;T3GjpPj1ijoFer8eorOG;630;923
1577;ifASzpNY1EuIN0plVdHG;889;183
1578;PTRxIEitrNP2KdoXT69k;292;688
1579;L8Yety1K9WCxqcOjkOaD;871;745
1580;eRPSDrEFtn0WcQNPaMLd;557;458
1581;v6b0ZZhQAe1lWx2z0rtx;984;83
1582;uPltprPZWubhUKhsK8FQ;565;807
1583;BXxT2kLzrDbSARo9H6RP;124;963
1584;LtJuUkupBAkKqOXDBHVU;776;373
1585;mYtSbH9GSFWLS0f09zpF;970;835
1586;okrNmNr2GFVNvWN73snp;22;212
1587;VbJynAgiVsfXKOXpIICJ;691;676
1588;7JPxHFXg3OQZKFdx40Zh;356;538
1589;5CuPLuXOJYnTu3GGPjaW;615;880
1590;bsBReYN9CDUyaKZAoEdI;297;196
1591;PM3SlO8scT0YRePnEbiD;109;677
1592;NPzROydEIr1CYoH5DNlr;6;259
1593;W1XOuhEY7ZC5bQu1lEPa;909;37
1594;Fk92qRF7vn1pOb0ditnC;693;437
1595;yqjH1IsPI0kMUAh5JLt7;747;618
1596;hERtbaxbdaWBAVEceC1o;903;947
1597;zmfE34tqLnWnCKaElGra;342;265
1598;l5tp1uKJPl9HG9jQ4r2f;487;803
1599;j4mk0xGhZiGvoAp2jc4I;372;581
1600;v4mhyoYSQouGNRhuBuHa;681;288
1601;VEG5v4xnuXaaynRpl9ex;486;646
1602;ggXj2ee10TtzaPtigMp1;326;712
1603;6ryeNy6eZ0DRfPHbFpOc;956;189
1604;I7OG74Ie4Aa8DpZR70ro;257;636
1605;xNxAdpTIpv3onnWh8F48;807;154
1606;xmjM06YR09hMNOCBLhI9;793;34
1607;Sk1bKyEDi7Y0pk2ht0k8;227;833
1608;mn7ziVIPv4E8t5DFriBD;166;597
1609;jFoGAOt1FRjaGjdsmiNf;442;707
1610;pJ0xBBJ9kz1dVM7Sj9Ao;372;789
1611;RTJOhjdls2eeZAMz5Bq1;706;198
1612;X7v5he0KRYU1Dgne3idU;717;581
1613;Umn67EE5VnJPduetOdNu;431;724
1614;bzQcBSTefGZLHOgWTakg;383;928
1615;bEiHr5bs7OQk4D3DzgyH;882;832
1616;xIqKGOFDQz7ncCDXyCSg;870;156
1617;nxpGmeaqOTBjqXooTzod;282;787
1618;hlHT3niZvHbWIoZBx1Gh;22;482
1619;CDCJP4CNfWMtZB8SevDo;264;120
1620;9Mvi03XsqC6YbulzVPWu;998;291
1621;pUuEbrjtDXsk2e52WavW;71;206
1622;mmu4CDy9hkSXS0vzDZmU;988;807
1623;G5i7OQCbe5L7pj4Tgtf6;20;61
1624;bDiWqasX1fxpP7Adxk7I;990;769
1625;6Qc1To6KnpfpcotkHN52;109;541
1626;LEcKdHkfyiat6gfdbRbn;782;755
1627;MkKH9Zgg701fLpgBGKYn;641;848
1628;lq3n4ojONWDL3HmE4GDe;589;343
1629;1aTnGCCCTAn2UMBIocMC;797;983
1630;CW6UONlPFdpN2PuTg3Wl;539;799
1631;NhgH3qTTBstAtkChha3E;9;401
1632;RAhbGAlo7IRIllM1gtul;176;421
1633;YXluXdF7apzEGXYxhsyB;566;927
1634;xg8vuqfgD5JFFUkWk4Ig;114;884
1635;C5LXi4QYayEfHWjidBnU;299;327
1636;3TmXXDsq2FO0F2v6vEyj;20;918
1637;VC2u3DrsbyxtNFsBHpmV;776;226
1638;1hzqGN3Vbc3I7hss38eD;16;854
1639;fkhI5as47NQoEaiPkmOT;445;725
1640;e5TL9lM3ZPeaBbnYflDb;109;256
1641;QTMWHgtmvchCDGFNocU1;970;366
1642;dox5ICGLPHzn68fMH5sa;544;72
1643;NskyQXKlCJefy2p84JzI;228;227
1644;2T9xj84So1irRrvZlhj1;684;274
1645;vl5mSHy7CXxGDHHGKVgr;728;547
1646;CI31slXoBmAqIhtubDcy;824;139
1647;QO13K5alBh34fO70phbP;686;390
1648;YyfzP67oCjRnY1tt8FYR;720;663
1649;fx1KySYMTroHgkleSyLI;374;509
1650;WvYelUJGMgJ1MksoJD6e;613;100
1651;6GWNf97ZSzHyex3EbYyz;180;98
1652;pUo3FZ3yGo6e09XytmlZ;714;463
1653;NBtkIQZIsPrHITFFPLNf;457;367
1654;2NfjqmquszMmD81O1XvU;897;531
1655;cbTMlbzAWz3iuH2Gonj3;976;737
1656;W0VOMyQovq9dOiuFy5j4;530;392
1657;QW5CirbnGj3uzt1dL5xJ;818;389
1658;2e9pSBIoP6uYnbB04hRR;625;151
1659;C5heGhiSYaFuMkSK1szD;56;391
1660;W6kNmMI4R5XBckLjxrrB;573;166
1661;X1GtptgHcoRc8Jo6R32k;614;904
1662;mhY6pMD8sklmGldTBlM5;848;488
1663;2nr6zWrdE99Oz7MaMxPu;133;661
1664;Fj74dtGTAPgxDrNv73t6;685;500
1665;3abzs0Sg82QNWSkxDCWr;70;346
1666;5BuQoCRcjMfuVyLJ6lOl;675;845
1667;NUDCPOsP4onpAYt4lUca;795;605
1668;zEIpRO7EVqSMP9TlYMKJ;552;287
1669;dHdMBZtquLexEC0GJrzn;744;558
1670;cAZxBOrkJ3ZDTHYgoIWO;207;719
1671;yETBq1zUu71iYKWJFv20;171;943
1672;Zy2pT5faYPNcRVrkQHpF;807;81
1673;8215X3MeLzerg55TbLNn;128;902
1674;8q6FFUzS6jROXDRVSUtO;291;642
1675;abD66UtdiuJHWeNmshFt;905;990
1676;f7kf4zSU44W8iWnQGqLI;767;315
1677;T26pnIJWLJvGLKvNaLfK;522;732
1678;9a4quvO8BhQWHqEahP26;172;562
1679;ZF3xElGfyYOHbqj75GuC;967;114
1680;0AvTCvQUsMCqIxunA6lY;255;820
1681;jmdKTBhKKynMZneC7K8g;877;467
1682;b8Zz5ZDHrJ7n0rk6b5Fh;828;577
1683;13g1ay3VUfu8K5loyFs5;255;933
1684;1pOYbgWN0yrzbFxUvGTv;315;615
1685;L6ass8QSIS0U00QpARyG;209;381
1686;lxl0jn6Brp38EVLjPQ8D;978;421
1687;GRmCbkPXhPBBxlrzA1EG;418;207
1688;fYWd9BpaTTfel69SVTq7;770;963
1689;kmRQMqbXQB26CR1B9opv;647;190
1690;XuyseTWyYKxBkn4MWFta;97;975
1691;r94tvV8AAdVDtV8Tkde7;459;837
1692;jBymBVRTB9d8lHqBhDYc;211;148
1693;Da3IelkOjWsith5bkRPS;624;802
1694;l7RHnrU52yLObm35JTvc;488;767
1695;52lV2kM7dO17gdsRPlPu;424;385
1696;b9jLlYUST0abhhv5eSqC;77;818
1697;2izoQPMggJNxkOgvqt5K;651;312
1698;V1cCr7js4QmtQayMRVJS;168;818
1699;FnExp2yUYhzXzXsO2JR0;142;685
1700;sf3q6j8QMS5YCKFfX5aG;790;370
1701;er7LpGCMXprLJX1Gfy47;680;533
1702;hOok1n1RMC7fNPPTD67u;901;479
1703;fb62ltRSpKeK1U7MPJx7;627;173
1704;KKKKmgPnTUBv3FnMW8Ic;66;410
1705;vmzrFeaP76A1Zn7i3bpH;156;792
1706;sglOLay8puPRo4dHeDqF;385;46
1707;rUkp9FSBEpdUHXaSt3Np;873;378
1708;zXpIqAX9ATRpq7d33I8B;868;646
1709;fdOqFJo3KlX9IFR5dYQm;993;808
1710;cjzAv2DRvJNEfzqI4Nha;945;778
1711;rEevGFW8F34HijeI5hSp;513;440
1712;rc0GlI1jqKoi36lX5fA0;913;676
1713;aX8v3pStMYoIhqTP1Xvi;4;324
1714;rCEX1XRZMHEI9chG9qHQ;319;275
1715;2hh8sjA75MjHK95nu0Kq;775;87
1716;y14RQK47BZirY8TKnlqC;15;265
1717;H1bmIst9ixeIafgYhtmT;28;821
1718;J77upbQLrUyAjx63KOD1;436;211
1719;5nXxvJHLvSqixj7Ab5hi;415;295
1720;rIr7eTGKyGj1NlaHaMJP;503;949
1721;eVijbGFZMWio8FaQauB7;275;131
1722;W9lMlOqg3EPDmhvmOoL7;226;444
1723;23Ch7Qp16TqvDrMaCvoZ;271;614
1724;qxPzeHX8zqsgoVAOUL6O;183;870
1725;seGQvLA5BJVNb6FmKI0U;669;713
1726;Stzu2rpfiR5Jt9X1YlkD;3;397
1727;QDqOd47QSAYP1buWzrAk;545;294
1728;1i9ySNErDRnlcSond42J;627;784
1729;umHLVBzgNoBpu0hgF4AS;948;806
1730;cT6UKtixEPDPkvt88Pjk;77;477
1731;PmU2ZS4mki3qGRoTVTGv;774;199
1732;WA7rfmf7d4ieljaFZlBp;29;240
1733;dSaZL0DV4ooI0DE6IbV7;579;501
1734;cMSthxGFM8jM9qlFyQy1;704;726
1735;5LlPXkijDh3ro6ystm5A;716;873
1736;geiHl63FlDF9mZb92cyP;550;102
1737;htNetDfbVilE8eQyu3Ql;626;937
1738;XdP6ZttgXgR2DIWDHh8f;793;264
1739;V3Xv9O2oafEx0bYzds0S;103;838
1740;eKxDN3qgtAs2NaofPsUL;742;686
1741;tBj3G6bv6snZ1XQsONYV;802;561
1742;d4KdEISCczAFV9mEA83J;414;37
1743;xjRd2qoKHURrh1especv;585;22
1744;ZFOQzJXQTVaJm8rtQiNt;187;369
1745;DHf1inBmd39OUUIplEhu;134;62
1746;RzZNRNdPeXn1vNtsL1PJ;668;764
1747;VJLhkSJyOO0bn0OksqUA;752;614
1748;4Vx5IcJ4J6n0ZKaT3CVv;369;501
1749;U124XB9xDqLI92ST4RUs;266;241
1750;WUJ0tyugtOq1arC1RXj4;74;305
1751;8nBryNYu8dRL2ETTrP6u;109;86
1752;VqdH5zvPx16nrBadZ0dv;251;541
1753;KbI5aMvmsQ14em6SI1CQ;900;863
1754;gmWQrALGDHT0IixeLpVb;604;615
1755;slIbCAVDD7GL7OctnZW9;520;958
1756;2fxGQcfzx2CQNsYdOd76;123;28
1757;ZdiH2dIL2JMgqODcddMe;370;485
1758;NpWxzU9skhqXVCjrkBAH;23;191
1759;ef5L4RqWKlpD0S3qbxHa;157;538
1760;bgReeyc9kqeasd3G6c2R;238;171
1761;Npx4zIZ4d2JMDiYjbyT2;268;10
1762;fgKCRm2It2QDkvqIQUg9;171;486
1763;sY7olgniIUQsoupIoBHR;439;547
1764;ao636DtIq2mrbVEBLrro;26;168
1765;MzejBsvClkjfHKON9CBM;178;350
1766;LAS4O3tmCfkSY5AtOQmg;400;560
1767;Z9ljLSOaElNJQgsUFPTn;168;800
1768;TbaWsZnK67GWsCk7m7bn;548;60
1769;N88viPsk4V9zPaE75hjK;976;738
1770;Lv376nW2TCSU7oTnJWue;160;294
1771;GBTIn3GKLjlqJZQCMEgC;567;87
1772;H5v93BUi6toa24nBIlnM;544;161
1773;2ImtiD9SCCuFLCBlBphG;992;479
1774;HSnRminb8hqN7MTeZbbB;917;674
1775;ZsIFISNKlaef5TvWHY49;843;318
1776;82rgS08GJWOyGqWo2rAY;262;566
1777;QsijoAmS9GbBOhLaiShM;285;674
1778;dIiHi9xOyy9JU9GcTqZd;775;828
1779;yvA4oXpG6T04Iiry1hL7;347;524
1780;7NvFCtUPJSZ2aGTQ9dqc;973;314
1781;CTarOXQJxnEfHtOA5vNO;131;494
1782;1Z5ISBxmsNhLSC0cJhtO;64;187
1783;dZYorUZNVPsu8pIPp1O1;916;641
1784;drCn8qepBitqA0LUk0GO;669;132
1785;CpVycAXqZDvclNh1ltHr;609;289
1786;eIbFYhJsLffekSvtVaMt;906;576
1787;6IzrIcAt9W4L0zvzyvdn;402;27
1788;APgUWMZKDNnAB6Y3fdGL;845;780
1789;VuT203p2ojdkmW0kdryO;998;254
1790;vZXYXx2HeXrzffUosCMV;649;555
1791;6BJ4NBpmqLiCgoBIY2SA;846;939
1792;YXr3vJs5oapnkcmLrkb3;413;355
1793;3qQlKao8rH2BB54XL8q9;897;641
1794;APnnOHa8Nt6PMleh6M1E;271;958
1795;kCzO9YbMSY7EDDzHyzGj;49;608
1796;lvIUJh8Z5TgB4c8i1kJm;134;270
1797;VMAOtGsTftkyeE9X5QaP;492;155
1798;vB6B4Dy3uTNIPd9J3odF;683;269
1799;42ZpQQj1Kyyx3QIUFxqi;406;493
1800;zjTTemd56dZvtsN9QO7C;482;748
1801;mn5gnb3a24dY6xltCdfi;618;789
1802;sirxuQfjovhbCmeLlHtr;721;880
1803;G5lsea8ZIA4KoFAvbqAF;81;730
1804;FK0LFxyHzcGmRDHDOoOH;443;56
1805;6ZknkxNieghct3gQ04fu;862;741
1806;cHPCsIm3nVLB88nyISck;227;404
1807;231HnR3BpLhc143E8ezv;526;493
1808;ifMQ5kc1ag8CMeE9PR3c;97;904
1809;aFhFG59HuiSMZbH5rkKl;859;721
1810;ZW1DWnyPEGvyG08YeyrW;292;747
1811;PBHzBCprDoqmJ6oSZNid;295;217
1812;LKl96ntbWLZ1LfVPRyam;362;916
1813;RAV37CbijnoBdpthtaJf;528;535
1814;kfZIsIYcaj31fe8DhGkg;535;998
1815;qJsrnqxoUc9bsIyVV3XQ;757;808
1816;YcEPgTyL70yzoutyptBL;301;640
1817;3GitudvVtp9ki269heGd;382;498
1818;Z6mMzZpUY8spYmESrDHO;116;290
1819;IMH1KqorusWFzUtUu64g;366;127
1820;f0Uf50tdemiapTzrnOMs;358;762
1821;5MyH5Ahc7ibGa4ixpY5H;689;85
1822;ZkC95CN9j8uPAcUbIxGc;213;972
1823;h7HpPozp5d4eA7TChgVB;309;564
1824;7ySKqE4PdS7cjFp0hXcX;522;853
1825;bq8goqDBErJyOps80cvW;596;804
1826;TTVH5vOJvRHeDtPyqQS3;170;285
1827;O19qTCAREFdAHUPl8R6a;152;690
1828;DC9Lu2OsuJ0ROjybG14f;634;149
1829;3mROJoP29OE6kU79yAbo;346;689
1830;PqCYGF6eYjfTZaogOea9;456;666
1831;F2pDIpLZZtdrRPHVa1BJ;381;200
1832;RYaH4PPYtmGiXEXAaW93;854;17
1833;ovaleR4yU8lZRt76Xxdp;308;586
1834;4An2jdp2DSZD5pqG8F7V;657;720
1835;HBoqcZoJHCWSeAb2qhRn;37;996
1836;3KmgzW1gNECF2qZmxVe1;289;480
1837;qIgWvn4q8PTeb9YDgV8V;988;252
1838;j0Yg4QklF84mb15mhNgl;396;502
1839;jcvZuYpEDN6mGqHZt6rJ;816;861
1840;J23n6PW6XkVO7c8inDQZ;626;758
1841;i8vn110FZUugzfPoJjhD;664;579
1842;kgPOnv06IONCFKDhfvM0;744;726
1843;LLaffhngHC6xkVuFnbIB;235;984
1844;ulmMAH0BLKM4mMqJZzup;58;350
1845;D5yhPivBJB4JVmA7rNp1;44;368
1846;uk0XMDuUcJ35eX2jUU2A;294;901
1847;AzcMuEU6nh2AdGrPIPY4;453;825
1848;U9USHXylcNBs5BRcEhgI;157;537
1849;OJK38501a6psjDMzkv5Y;717;963
1850;CVbg5G3PiC3g9cSLAiBD;441;903
1851;iiWyDvz5rYvmbIBO5XOa;109;786
1852;YgyDSJ3l59HbteiycSPR;442;571
1853;t9vuiVRylXk6YFvDLTm6;456;3
1854;IzWAAXYcU6vgpcUl4GbG;652;63
1855;uUiIQA4HmQMlAJ4oAhKH;824;911
1856;FCXvmxds2OXr6mun73PM;147;809
1857;QpJ6Au9elsk0lR7BsekP;920;378
1858;0sYOC3zfjActRz63yfXy;574;897
1859;MellVF4A2ACUlT8bG1aO;889;963
1860;7p8vZ2kLpFEz31BUHGMc;870;468
1861;ZM9WfzaGpVjJUhRh6jN3;859;736
1862;S2MvgorUYa2ym6ivysGf;556;440
1863;iIX2og4RaLtI3Jl59RAM;62;706
1864;Y2Nci6pnuHutWpJuLTg7;539;269
1865;f2TuFMnahOVKO4vp8eUx;652;94
1866;1hakmlbcIAo8PObccYtO;299;351
1867;hMWuVt4LOCyt6iSfto1s;415;481
1868;3gIQbEzcxZOqtT0fHEEM;591;519
1869;r3USs9luIEJWphSWjcX6;679;676
1870;IRjjEF8Ye8Z6locfqbiN;545;730
1871;Xem1cxl5NERFUG4i7V0R;685;158
1872;x0UJ02h8arR6RtJsOP1e;306;894
1873;7hzZRx0Ma35aNg4yvJXl;140;495
1874;3TuM9fCc9A2ldAu1gLSS;149;607
1875;ry951HT3gDqBlB1Royry;135;926
1876;lGVj8dS9GllYUEZ8XORx;653;467
1877;OCbc7oRJYn5yHBZ19DEc;670;879
1878;rGxoSmkz3a19VMTgoGFT;452;103
1879;bRZBWPWTXzzB8rymhN65;228;310
1880;VSFE4iMWBu47MBpiHyHo;64;152
1881;96HQXSBglqR0Ulo2Zq5Y;710;266
1882;9UPKBf7Eeqz67MW9yc04;11;33
1883;j6xlUklGDQVxusZkBsbl;693;615
1884;oQAJTZ3p8kK5ANknz9Cv;33;186
1885;d7bhaaCqWV2rUcaAuKIo;111;874
1886;JQ5VYW1qug4EHDWHgrpL;654;258
1887;uJRfLHUdquVbE8xIkYkN;570;663
1888;00n4jsQC4AXrA07oY3Mm;294;938
1889;qlKOlVYxoXI4TA8MyQ02;446;695
1890;Z9QKNLtiDNq5ux4fvW9c;18;575
1891;LCeCuntXeEXfK0lMk2MH;103;938
1892;ZzT77XTFeSldfAUhatJC;137;837
1893;U8W3HfeHmatz6LiCPhDF;995;490
1894;CBfYzS0sOmsft4tmFAIZ;898;741
1895;IxagovbZSXMbzAdbXEUi;288;302
1896;F1IZ6Z35EWR5TgsSMIK7;192;256
1897;kKRjOCFIo6Yez8rPlMd3;976;96
1898;af5dbu1RMspJljuxcMJq;26;398
1899;VPLI7Fm6uoPtAx0ucDXU;872;784
1900;4LT2yeV6iFev6czctySq;905;65
1901;f2AnLgsfuYm39f4IU5uO;158;58
1902;2LSQXd2r3KgxCiMv2VQD;921;511
1903;xEd8pzAWIVJRUeBOYlbX;359;628
1904;GzkHYQmllOBrTAnigveX;3;556
1905;QWi69NkbqSBLZ4Ydx8bs;412;162
1906;E95iK01YES4AdoBrl0Vs;486;99
1907;2kUsYWjbWtx2zpGTtY9V;600;719
1908;OdkaFKgyaEgcEhrnOqQz;981;610
1909;8oUHkUVCIgqIc2UQP7aL;261;293
1910;suLPnfi94DZpy31zZzen;656;139
1911;rtncNdWLqZtjvc0z0Zpp;923;415
1912;X4Osn98zH5ENxnAArzET;746;151
1913;T36MAyJGoWbSYm0SnYv4;494;599
1914;vcRolyjmLMvSWrnHHTWV;970;294
1915;q11sLkahAAdzejynNcqO;744;257
1916;WAD9L8TzJSoj2yqXbbg4;746;258
1917;yvaRAgXgqlnB66fq6CF2;519;700
1918;Dkf1yvbDH6mUHrniDtEb;995;236
1919;W4BDJtNjXNBlZz0Cb2Mh;335;831
1920;XYHzWmunqeC3Rd3akQOa;414;240
1921;af1VRKFAZa5vGnMQBLyy;144;793
1922;1gujse6hzlsnxxItIDeZ;141;672
1923;PMtdHW2Ytb2fsChH2hBl;579;544
1924;kF6F1XU3QzitIRTjlLs6;667;334
1925;m78glGWheya5jx6KhpRy;783;500
1926;Oz2toYhL6dE3u0ffqxDW;96;720
1927;RUSxHK4jrFlmhWnGc3uN;319;493
1928;m1ZoBsMCyyUTLPZu7c58;932;515
1929;4DEl4QpK3j3sAodHUVbs;826;51
1930;Mciu1j6aWmtssbG0nh4i;468;498
1931;QurlCF93Coa1S8aqtuu2;608;246
1932;JQyJ6ZnWop78XoBznZDW;613;648
1933;vykaUvGXi2GVTlKnxKns;677;25
1934;5OeF8Ay2BnQ7PTPdcBaA;334;189
1935;36crMM28cuTF9jyFxltX;659;504
1936;0ZI2muq0sxHRNsRBOFAh;198;187
1937;TtRsqZdg10OAECKjWFQd;844;318
1938;gvNxCOUD3Ksq5Rjbmbr6;470;682
1939;NiLcsrXuW29VC2BMepHb;274;673
1940;QWXmP287NbCT8c3qb7a9;923;38
1941;hRGoXv6W4XvIQoKdF0Py;440;196
1942;2JJZyUQEsXp4tvXci3Kg;725;92
1943;iEGZbZIRW2LT874z4ZTN;528;934
1944;6sOT5pZuDE92oAP54QEC;322;615
1945;hCt9rjcEMW7mOapNgWQz;443;666
1946;AnjWOlzunjs4pCtEmr4F;538;441
1947;IXiEWzzDKNlFl4NBTVgr;123;610
1948;J8xk4IYPqtrbQNWeDoj4;714;241
1949;Tua6R6ft6KbzFJjml17E;827;945
1950;zeGRt8BMbceh7i3vbunY;119;593
1951;s3MM6UcHa6oQDtvCNZeX;429;458
1952;E3lDx5npbbQIeyelaMFe;865;706
1953;13fGexmcDr3NDBoGMNV5;719;708
1954;tJEbVfqo1NCB0Z2WMOIQ;802;368
1955;DHm6sgmAfRQyyWFBlAXo;328;488
1956;fhZj5F6ZGTLbveOdyS8x;87;443
1957;m50XacpUfIo4b0HFCrcm;906;605
1958;1HqEElT6TlBvgHx66Aef;670;201
1959;Sc2CK1Cp1qcldUtHSQAs;284;165
1960;3IOrKzue0yqsVTBVoS6a;422;373
1961;TXUXaHVMC4mlamvogQYa;503;646
1962;yLW0OWkli1uAdah5sIO5;299;518
1963;77qQmHT5qGmzT55X6dtv;845;166
1964;Um29TZL2Yc1X8i78hFvK;461;513
1965;CkRtj3Gr7WGqAhZ4rlY7;339;485
1966;DzBdDUCH20G3Msed8lfc;39;691
1967;ZtUUEEZn6tECpXZXUdZN;143;312
1968;dnMxGDVlTCHpQyB9AfGp;946;873
1969;0KFZMkWtYGihiU8Ze7a4;450;284
1970;KD1P8rRFvvypJnAi0Agx;540;107
1971;1paCfYZk91HK7yo3uObl;669;516
1972;Wh6t2SbS925NiXoYldFB;998;421
1973;LtnGGvveBmcSH3aFVcsk;231;415
1974;19fzagYXhN9ffgjgqx4P;155;360
1975;l3PmciAqPCGFqr3ItVg9;787;139
1976;zUPHXA4farEImsxdT7Xk;642;82
1977;avRJPH6Z2Czg1Ao235eh;70;38
1978;8mIzDlZc2bVQ6EkUZryn;677;114
1979;xTDiODccqcbKXbWqvyTV;857;880
1980;DQqzvvM88HtUu9O5lZH4;536;623
1981;MH5RMqNxT50oErlEg2bX;832;216
1982;cMGBLSa1Nb8b2ncSFmgq;597;191
1983;CuAVx9lnMvr3kGpCU605;264;315
1984;y9Fo1ioPih1meuRbVF4c;986;285
1985;HLSUJoLQa9v5d9uWeVW7;253;951
1986;U5DKUNXKCorLXy8IFJWy;542;902
1987;qDJ7CapK5IrPp9aaBcWt;579;658
1988;OZhm1frEM75lEGPqbkvW;789;414
1989;eXhMNmZlB2bDzNeFpOTb;722;461
1990;CY3phrufxIdDfNXjQtNz;958;362
1991;5HURxPNtrR8Vo4J1hMJd;371;296
1992;njuWqt000GYcdv3AYVM2;949;739
1993;edjo7cka1hHKyqnh21XF;620;560
1994;Cq5EcUlFVaRmYu9mMggC;279;790
1995;Gx1Rp1GVASzNcyKkPHGi;764;527
1996;IptTq1oaVjQ3Pve9rCZK;131;332
1997;v4s3jvC67LE2GhYqI4qt;157;959
1998;t8DEbos35dWf6qO6h2IP;235;918
1999;iPoi8hSigdecMTPFMxpj;845;598
